stage,trial,time,position.x,position.y,position.z,rotation.x,rotation.y,rotation.z,rotation.w,event
1,1,0.001,-0.2481544,0.0393618,-0.8849795,0.5083584,-0.5035496,0.4952128,0.492721,TrialStart
1,1,0.003,-0.2481544,0.0393618,-0.8849795,0.5083584,-0.5035496,0.4952128,0.492721,
1,1,0.005,-0.2481544,0.0393618,-0.8849795,0.5083584,-0.5035496,0.4952128,0.492721,
1,1,0.007,-0.2481544,0.0393618,-0.8849795,0.5083584,-0.5035496,0.4952128,0.492721,
1,1,0.009,-0.2481544,0.0393618,-0.8849795,0.5083584,-0.5035496,0.4952128,0.492721,
1,1,0.011,-0.2481544,0.0393618,-0.8849795,0.5083584,-0.5035496,0.4952128,0.492721,
1,1,0.013,-0.2481544,0.0393618,-0.8849795,0.5083584,-0.5035496,0.4952128,0.492721,
1,1,0.015,-0.2481544,0.0393618,-0.8849795,0.5083584,-0.5035496,0.4952128,0.492721,
1,1,0.017,-0.2481544,0.0393618,-0.8849795,0.5083584,-0.5035496,0.4952128,0.492721,
1,1,0.019,-0.2481544,0.0393618,-0.8849795,0.5083584,-0.5035496,0.4952128,0.492721,
1,1,0.021,-0.2481516,0.0393517,-0.88498,0.5083626,-0.5035588,0.4952213,0.4926987,
1,1,0.023,-0.2481516,0.0393517,-0.88498,0.5083626,-0.5035588,0.4952213,0.4926987,
1,1,0.025,-0.2481516,0.0393517,-0.88498,0.5083626,-0.5035588,0.4952213,0.4926987,
1,1,0.027,-0.2481516,0.0393517,-0.88498,0.5083626,-0.5035588,0.4952213,0.4926987,
1,1,0.029,-0.2481426,0.03935106,-0.884971,0.508358,-0.503562,0.4952049,0.4927165,
1,1,0.031,-0.2481426,0.03935106,-0.884971,0.508358,-0.503562,0.4952049,0.4927165,
1,1,0.033,-0.2481426,0.03935106,-0.884971,0.508358,-0.503562,0.4952049,0.4927165,
1,1,0.035,-0.2481426,0.03935106,-0.884971,0.508358,-0.503562,0.4952049,0.4927165,
1,1,0.037,-0.2481473,0.03935179,-0.8849818,0.5083526,-0.5035551,0.4952247,0.4927092,
1,1,0.039,-0.2481473,0.03935179,-0.8849818,0.5083526,-0.5035551,0.4952247,0.4927092,
1,1,0.041,-0.2481473,0.03935179,-0.8849818,0.5083526,-0.5035551,0.4952247,0.4927092,
1,1,0.043,-0.2481473,0.03935179,-0.8849818,0.5083526,-0.5035551,0.4952247,0.4927092,
1,1,0.045,-0.2481447,0.03935853,-0.8849739,0.5083578,-0.5035482,0.4952111,0.4927247,
1,1,0.047,-0.2481447,0.03935853,-0.8849739,0.5083578,-0.5035482,0.4952111,0.4927247,
1,1,0.049,-0.2481447,0.03935853,-0.8849739,0.5083578,-0.5035482,0.4952111,0.4927247,
1,1,0.051,-0.2481447,0.03935853,-0.8849739,0.5083578,-0.5035482,0.4952111,0.4927247,
1,1,0.053,-0.2481447,0.03935853,-0.8849739,0.5083578,-0.5035482,0.4952111,0.4927247,
1,1,0.055,-0.2481423,0.03935369,-0.8849679,0.5083717,-0.5035433,0.4952038,0.4927226,
1,1,0.057,-0.2481423,0.03935369,-0.8849679,0.5083717,-0.5035433,0.4952038,0.4927226,
1,1,0.059,-0.2481423,0.03935369,-0.8849679,0.5083717,-0.5035433,0.4952038,0.4927226,
1,1,0.061,-0.2481423,0.03935369,-0.8849679,0.5083717,-0.5035433,0.4952038,0.4927226,
1,1,0.063,-0.2481532,0.03933645,-0.8849816,0.5083633,-0.5036021,0.4951578,0.4927173,
1,1,0.065,-0.2481532,0.03933645,-0.8849816,0.5083633,-0.5036021,0.4951578,0.4927173,
1,1,0.067,-0.2481532,0.03933645,-0.8849816,0.5083633,-0.5036021,0.4951578,0.4927173,
1,1,0.069,-0.2481532,0.03933645,-0.8849816,0.5083633,-0.5036021,0.4951578,0.4927173,
1,1,0.071,-0.2481491,0.03933295,-0.8849734,0.5083645,-0.5035989,0.4951805,0.4926968,
1,1,0.073,-0.2481491,0.03933295,-0.8849734,0.5083645,-0.5035989,0.4951805,0.4926968,
1,1,0.075,-0.2481491,0.03933295,-0.8849734,0.5083645,-0.5035989,0.4951805,0.4926968,
1,1,0.077,-0.2481491,0.03933295,-0.8849734,0.5083645,-0.5035989,0.4951805,0.4926968,
1,1,0.079,-0.2481424,0.03934582,-0.8849745,0.5083759,-0.5035763,0.4951873,0.4927011,
1,1,0.081,-0.2481424,0.03934582,-0.8849745,0.5083759,-0.5035763,0.4951873,0.4927011,
1,1,0.083,-0.2481424,0.03934582,-0.8849745,0.5083759,-0.5035763,0.4951873,0.4927011,
1,1,0.085,-0.2481424,0.03934582,-0.8849745,0.5083759,-0.5035763,0.4951873,0.4927011,
1,1,0.087,-0.2481331,0.03935692,-0.8849783,0.5083643,-0.5035568,0.4952064,0.4927139,
1,1,0.089,-0.2481331,0.03935692,-0.8849783,0.5083643,-0.5035568,0.4952064,0.4927139,
1,1,0.091,-0.2481331,0.03935692,-0.8849783,0.5083643,-0.5035568,0.4952064,0.4927139,
1,1,0.093,-0.2481331,0.03935692,-0.8849783,0.5083643,-0.5035568,0.4952064,0.4927139,
1,1,0.095,-0.2481433,0.03934956,-0.8849679,0.5083704,-0.5035549,0.4951987,0.4927174,
1,1,0.097,-0.2481433,0.03934956,-0.8849679,0.5083704,-0.5035549,0.4951987,0.4927174,
1,1,0.099,-0.2481433,0.03934956,-0.8849679,0.5083704,-0.5035549,0.4951987,0.4927174,
1,1,0.101,-0.2481433,0.03934956,-0.8849679,0.5083704,-0.5035549,0.4951987,0.4927174,
1,1,0.103,-0.2481433,0.03934956,-0.8849679,0.5083704,-0.5035549,0.4951987,0.4927174,
1,1,0.105,-0.2481477,0.03935662,-0.8849738,0.5083547,-0.5035391,0.4952296,0.4927184,
1,1,0.107,-0.2481477,0.03935662,-0.8849738,0.5083547,-0.5035391,0.4952296,0.4927184,
1,1,0.109,-0.2481477,0.03935662,-0.8849738,0.5083547,-0.5035391,0.4952296,0.4927184,
1,1,0.111,-0.2481477,0.03935662,-0.8849738,0.5083547,-0.5035391,0.4952296,0.4927184,
1,1,0.113,-0.2481472,0.03936047,-0.8849772,0.5083521,-0.5035453,0.495224,0.4927206,
1,1,0.115,-0.2481472,0.03936047,-0.8849772,0.5083521,-0.5035453,0.495224,0.4927206,
1,1,0.117,-0.2481472,0.03936047,-0.8849772,0.5083521,-0.5035453,0.495224,0.4927206,
1,1,0.119,-0.2481472,0.03936047,-0.8849772,0.5083521,-0.5035453,0.495224,0.4927206,
1,1,0.121,-0.2481385,0.03936133,-0.8849697,0.5083495,-0.5035523,0.4952208,0.4927194,
1,1,0.123,-0.2481385,0.03936133,-0.8849697,0.5083495,-0.5035523,0.4952208,0.4927194,
1,1,0.125,-0.2481385,0.03936133,-0.8849697,0.5083495,-0.5035523,0.4952208,0.4927194,
1,1,0.127,-0.2481385,0.03936133,-0.8849697,0.5083495,-0.5035523,0.4952208,0.4927194,
1,1,0.129,-0.2481421,0.0393632,-0.8849781,0.5083578,-0.5035434,0.4952154,0.4927252,
1,1,0.131,-0.2481421,0.0393632,-0.8849781,0.5083578,-0.5035434,0.4952154,0.4927252,
1,1,0.133,-0.2481421,0.0393632,-0.8849781,0.5083578,-0.5035434,0.4952154,0.4927252,
1,1,0.135,-0.2481421,0.0393632,-0.8849781,0.5083578,-0.5035434,0.4952154,0.4927252,
1,1,0.137,-0.2481346,0.03935202,-0.8849785,0.508366,-0.5035503,0.4952038,0.4927215,
1,1,0.139,-0.2481346,0.03935202,-0.8849785,0.508366,-0.5035503,0.4952038,0.4927215,
1,1,0.141,-0.2481346,0.03935202,-0.8849785,0.508366,-0.5035503,0.4952038,0.4927215,
1,1,0.143,-0.2481346,0.03935202,-0.8849785,0.508366,-0.5035503,0.4952038,0.4927215,
1,1,0.145,-0.2481481,0.03935666,-0.8849742,0.5083558,-0.5035475,0.4952103,0.4927281,
1,1,0.147,-0.2481481,0.03935666,-0.8849742,0.5083558,-0.5035475,0.4952103,0.4927281,
1,1,0.149,-0.2481481,0.03935666,-0.8849742,0.5083558,-0.5035475,0.4952103,0.4927281,
1,1,0.151,-0.2481481,0.03935666,-0.8849742,0.5083558,-0.5035475,0.4952103,0.4927281,
1,1,0.153,-0.2481481,0.03935666,-0.8849742,0.5083558,-0.5035475,0.4952103,0.4927281,
1,1,0.155,-0.2481432,0.03935417,-0.8849832,0.5083609,-0.5035448,0.4952211,0.4927149,
1,1,0.157,-0.2481432,0.03935417,-0.8849832,0.5083609,-0.5035448,0.4952211,0.4927149,
1,1,0.159,-0.2481432,0.03935417,-0.8849832,0.5083609,-0.5035448,0.4952211,0.4927149,
1,1,0.161,-0.2481432,0.03935417,-0.8849832,0.5083609,-0.5035448,0.4952211,0.4927149,
1,1,0.163,-0.2481405,0.03935214,-0.8849802,0.5083666,-0.5035319,0.4952286,0.4927147,
1,1,0.165,-0.2481405,0.03935214,-0.8849802,0.5083666,-0.5035319,0.4952286,0.4927147,
1,1,0.167,-0.2481405,0.03935214,-0.8849802,0.5083666,-0.5035319,0.4952286,0.4927147,
1,1,0.169,-0.2481405,0.03935214,-0.8849802,0.5083666,-0.5035319,0.4952286,0.4927147,
1,1,0.171,-0.2481417,0.03934724,-0.8849838,0.5083604,-0.5035663,0.4952075,0.4927071,
1,1,0.173,-0.2481417,0.03934724,-0.8849838,0.5083604,-0.5035663,0.4952075,0.4927071,
1,1,0.175,-0.2481417,0.03934724,-0.8849838,0.5083604,-0.5035663,0.4952075,0.4927071,
1,1,0.177,-0.2481417,0.03934724,-0.8849838,0.5083604,-0.5035663,0.4952075,0.4927071,
1,1,0.179,-0.2481388,0.03935058,-0.8849763,0.5083764,-0.5035605,0.4952016,0.4927025,
1,1,0.181,-0.2481388,0.03935058,-0.8849763,0.5083764,-0.5035605,0.4952016,0.4927025,
1,1,0.183,-0.2481388,0.03935058,-0.8849763,0.5083764,-0.5035605,0.4952016,0.4927025,
1,1,0.185,-0.2481388,0.03935058,-0.8849763,0.5083764,-0.5035605,0.4952016,0.4927025,
1,1,0.187,-0.2481334,0.03935748,-0.8849806,0.5083577,-0.5035438,0.4952168,0.4927235,
1,1,0.189,-0.2481334,0.03935748,-0.8849806,0.5083577,-0.5035438,0.4952168,0.4927235,
1,1,0.191,-0.2481334,0.03935748,-0.8849806,0.5083577,-0.5035438,0.4952168,0.4927235,
1,1,0.193,-0.2481334,0.03935748,-0.8849806,0.5083577,-0.5035438,0.4952168,0.4927235,
1,1,0.195,-0.2481489,0.03936483,-0.8849765,0.5083356,-0.503529,0.4952404,0.4927377,
1,1,0.197,-0.2481489,0.03936483,-0.8849765,0.5083356,-0.503529,0.4952404,0.4927377,
1,1,0.199,-0.2481489,0.03936483,-0.8849765,0.5083356,-0.503529,0.4952404,0.4927377,
1,1,0.201,-0.2481489,0.03936483,-0.8849765,0.5083356,-0.503529,0.4952404,0.4927377,
1,1,0.203,-0.2481489,0.03936483,-0.8849765,0.5083356,-0.503529,0.4952404,0.4927377,
1,1,0.205,-0.2481557,0.03936645,-0.884973,0.5083158,-0.5035379,0.4952407,0.4927487,
1,1,0.207,-0.2481557,0.03936645,-0.884973,0.5083158,-0.5035379,0.4952407,0.4927487,
1,1,0.209,-0.2481557,0.03936645,-0.884973,0.5083158,-0.5035379,0.4952407,0.4927487,
1,1,0.211,-0.2481557,0.03936645,-0.884973,0.5083158,-0.5035379,0.4952407,0.4927487,
1,1,0.213,-0.248151,0.03938032,-0.884968,0.5083151,-0.5035313,0.4952466,0.4927503,
1,1,0.215,-0.248151,0.03938032,-0.884968,0.5083151,-0.5035313,0.4952466,0.4927503,
1,1,0.217,-0.248151,0.03938032,-0.884968,0.5083151,-0.5035313,0.4952466,0.4927503,
1,1,0.219,-0.248151,0.03938032,-0.884968,0.5083151,-0.5035313,0.4952466,0.4927503,
1,1,0.221,-0.2481535,0.03936535,-0.884979,0.5083281,-0.5035511,0.4952365,0.4927268,
1,1,0.223,-0.2481535,0.03936535,-0.884979,0.5083281,-0.5035511,0.4952365,0.4927268,
1,1,0.225,-0.2481535,0.03936535,-0.884979,0.5083281,-0.5035511,0.4952365,0.4927268,
1,1,0.227,-0.2481535,0.03936535,-0.884979,0.5083281,-0.5035511,0.4952365,0.4927268,
1,1,0.229,-0.2481525,0.03936173,-0.8849853,0.5083384,-0.5035545,0.4952371,0.4927121,
1,1,0.231,-0.2481525,0.03936173,-0.8849853,0.5083384,-0.5035545,0.4952371,0.4927121,
1,1,0.233,-0.2481525,0.03936173,-0.8849853,0.5083384,-0.5035545,0.4952371,0.4927121,
1,1,0.235,-0.2481525,0.03936173,-0.8849853,0.5083384,-0.5035545,0.4952371,0.4927121,
1,1,0.237,-0.2481651,0.03936471,-0.8849857,0.508332,-0.5035592,0.495232,0.4927192,
1,1,0.239,-0.2481651,0.03936471,-0.8849857,0.508332,-0.5035592,0.495232,0.4927192,
1,1,0.241,-0.2481651,0.03936471,-0.8849857,0.508332,-0.5035592,0.495232,0.4927192,
1,1,0.243,-0.2481651,0.03936471,-0.8849857,0.508332,-0.5035592,0.495232,0.4927192,
1,1,0.245,-0.2481518,0.03934431,-0.8849744,0.5083554,-0.5035738,0.4951946,0.4927176,
1,1,0.247,-0.2481518,0.03934431,-0.8849744,0.5083554,-0.5035738,0.4951946,0.4927176,
1,1,0.249,-0.2481518,0.03934431,-0.8849744,0.5083554,-0.5035738,0.4951946,0.4927176,
1,1,0.251,-0.2481518,0.03934431,-0.8849744,0.5083554,-0.5035738,0.4951946,0.4927176,
1,1,0.253,-0.2481518,0.03934431,-0.8849744,0.5083554,-0.5035738,0.4951946,0.4927176,
1,1,0.255,-0.2481533,0.03934473,-0.8849828,0.5083489,-0.5035813,0.4951995,0.4927118,
1,1,0.257,-0.2481533,0.03934473,-0.8849828,0.5083489,-0.5035813,0.4951995,0.4927118,
1,1,0.259,-0.2481533,0.03934473,-0.8849828,0.5083489,-0.5035813,0.4951995,0.4927118,
1,1,0.261,-0.2481533,0.03934473,-0.8849828,0.5083489,-0.5035813,0.4951995,0.4927118,
1,1,0.263,-0.2481528,0.03934458,-0.8849874,0.5083519,-0.503576,0.4952076,0.4927059,
1,1,0.265,-0.2481528,0.03934458,-0.8849874,0.5083519,-0.503576,0.4952076,0.4927059,
1,1,0.267,-0.2481528,0.03934458,-0.8849874,0.5083519,-0.503576,0.4952076,0.4927059,
1,1,0.269,-0.2481528,0.03934458,-0.8849874,0.5083519,-0.503576,0.4952076,0.4927059,
1,1,0.271,-0.2481423,0.03934967,-0.8849778,0.508351,-0.503572,0.4952014,0.4927171,
1,1,0.273,-0.2481423,0.03934967,-0.8849778,0.508351,-0.503572,0.4952014,0.4927171,
1,1,0.275,-0.2481423,0.03934967,-0.8849778,0.508351,-0.503572,0.4952014,0.4927171,
1,1,0.277,-0.2481423,0.03934967,-0.8849778,0.508351,-0.503572,0.4952014,0.4927171,
1,1,0.279,-0.2481363,0.03936062,-0.8849708,0.5083507,-0.5035617,0.4952081,0.4927212,
1,1,0.281,-0.2481363,0.03936062,-0.8849708,0.5083507,-0.5035617,0.4952081,0.4927212,
1,1,0.283,-0.2481363,0.03936062,-0.8849708,0.5083507,-0.5035617,0.4952081,0.4927212,
1,1,0.285,-0.2481363,0.03936062,-0.8849708,0.5083507,-0.5035617,0.4952081,0.4927212,
1,1,0.287,-0.2481368,0.0393464,-0.8849754,0.5083637,-0.5035746,0.4951844,0.4927184,
1,1,0.289,-0.2481368,0.0393464,-0.8849754,0.5083637,-0.5035746,0.4951844,0.4927184,
1,1,0.291,-0.2481368,0.0393464,-0.8849754,0.5083637,-0.5035746,0.4951844,0.4927184,
1,1,0.293,-0.2481368,0.0393464,-0.8849754,0.5083637,-0.5035746,0.4951844,0.4927184,
1,1,0.295,-0.2481491,0.03935543,-0.884975,0.5083526,-0.503578,0.4951892,0.4927216,
1,1,0.297,-0.2481491,0.03935543,-0.884975,0.5083526,-0.503578,0.4951892,0.4927216,
1,1,0.299,-0.2481491,0.03935543,-0.884975,0.5083526,-0.503578,0.4951892,0.4927216,
1,1,0.301,-0.2481491,0.03935543,-0.884975,0.5083526,-0.503578,0.4951892,0.4927216,
1,1,0.303,-0.2481491,0.03935543,-0.884975,0.5083526,-0.503578,0.4951892,0.4927216,
1,1,0.305,-0.2481575,0.03933522,-0.8849859,0.5083401,-0.5035993,0.4951673,0.4927347,
1,1,0.307,-0.2481575,0.03933522,-0.8849859,0.5083401,-0.5035993,0.4951673,0.4927347,
1,1,0.309,-0.2481575,0.03933522,-0.8849859,0.5083401,-0.5035993,0.4951673,0.4927347,
1,1,0.311,-0.2481575,0.03933522,-0.8849859,0.5083401,-0.5035993,0.4951673,0.4927347,
1,1,0.313,-0.2481557,0.0393384,-0.8849844,0.5083371,-0.5036098,0.4951749,0.4927194,
1,1,0.315,-0.2481557,0.0393384,-0.8849844,0.5083371,-0.5036098,0.4951749,0.4927194,
1,1,0.317,-0.2481557,0.0393384,-0.8849844,0.5083371,-0.5036098,0.4951749,0.4927194,
1,1,0.319,-0.2481557,0.0393384,-0.8849844,0.5083371,-0.5036098,0.4951749,0.4927194,
1,1,0.321,-0.2481577,0.03934549,-0.8849783,0.5083401,-0.503588,0.4952066,0.4927069,
1,1,0.323,-0.2481577,0.03934549,-0.8849783,0.5083401,-0.503588,0.4952066,0.4927069,
1,1,0.325,-0.2481577,0.03934549,-0.8849783,0.5083401,-0.503588,0.4952066,0.4927069,
1,1,0.327,-0.2481577,0.03934549,-0.8849783,0.5083401,-0.503588,0.4952066,0.4927069,
1,1,0.329,-0.2481616,0.03933321,-0.8849847,0.5083458,-0.5035969,0.4951711,0.4927274,
1,1,0.331,-0.2481616,0.03933321,-0.8849847,0.5083458,-0.5035969,0.4951711,0.4927274,
1,1,0.333,-0.2481616,0.03933321,-0.8849847,0.5083458,-0.5035969,0.4951711,0.4927274,
1,1,0.335,-0.2481616,0.03933321,-0.8849847,0.5083458,-0.5035969,0.4951711,0.4927274,
1,1,0.337,-0.2481458,0.0393372,-0.8849798,0.5083402,-0.5035862,0.4951858,0.4927294,
1,1,0.339,-0.2481458,0.0393372,-0.8849798,0.5083402,-0.5035862,0.4951858,0.4927294,
1,1,0.341,-0.2481458,0.0393372,-0.8849798,0.5083402,-0.5035862,0.4951858,0.4927294,
1,1,0.343,-0.2481458,0.0393372,-0.8849798,0.5083402,-0.5035862,0.4951858,0.4927294,
1,1,0.345,-0.2481483,0.03935711,-0.8849814,0.5083363,-0.5035635,0.4952131,0.4927292,
1,1,0.347,-0.2481483,0.03935711,-0.8849814,0.5083363,-0.5035635,0.4952131,0.4927292,
1,1,0.349,-0.2481483,0.03935711,-0.8849814,0.5083363,-0.5035635,0.4952131,0.4927292,
1,1,0.351,-0.2481483,0.03935711,-0.8849814,0.5083363,-0.5035635,0.4952131,0.4927292,
1,1,0.353,-0.2481483,0.03935711,-0.8849814,0.5083363,-0.5035635,0.4952131,0.4927292,
1,1,0.355,-0.2481373,0.039356,-0.8849804,0.5083511,-0.5035444,0.4952198,0.4927267,
1,1,0.357,-0.2481373,0.039356,-0.8849804,0.5083511,-0.5035444,0.4952198,0.4927267,
1,1,0.359,-0.2481373,0.039356,-0.8849804,0.5083511,-0.5035444,0.4952198,0.4927267,
1,1,0.361,-0.2481373,0.039356,-0.8849804,0.5083511,-0.5035444,0.4952198,0.4927267,
1,1,0.363,-0.2481438,0.03935716,-0.8849841,0.5083548,-0.5035377,0.4952167,0.492733,
1,1,0.365,-0.2481438,0.03935716,-0.8849841,0.5083548,-0.5035377,0.4952167,0.492733,
1,1,0.367,-0.2481438,0.03935716,-0.8849841,0.5083548,-0.5035377,0.4952167,0.492733,
1,1,0.369,-0.2481438,0.03935716,-0.8849841,0.5083548,-0.5035377,0.4952167,0.492733,
1,1,0.371,-0.2481556,0.03936933,-0.8849759,0.5083397,-0.5035341,0.4952404,0.4927284,
1,1,0.373,-0.2481556,0.03936933,-0.8849759,0.5083397,-0.5035341,0.4952404,0.4927284,
1,1,0.375,-0.2481556,0.03936933,-0.8849759,0.5083397,-0.5035341,0.4952404,0.4927284,
1,1,0.377,-0.2481556,0.03936933,-0.8849759,0.5083397,-0.5035341,0.4952404,0.4927284,
1,1,0.379,-0.2481518,0.03935569,-0.8849829,0.5083525,-0.5035385,0.4952334,0.4927177,
1,1,0.381,-0.2481518,0.03935569,-0.8849829,0.5083525,-0.5035385,0.4952334,0.4927177,
1,1,0.383,-0.2481518,0.03935569,-0.8849829,0.5083525,-0.5035385,0.4952334,0.4927177,
1,1,0.385,-0.2481518,0.03935569,-0.8849829,0.5083525,-0.5035385,0.4952334,0.4927177,
1,1,0.387,-0.2481415,0.03936443,-0.8849776,0.5083608,-0.503538,0.4952212,0.4927217,
1,1,0.389,-0.2481415,0.03936443,-0.8849776,0.5083608,-0.503538,0.4952212,0.4927217,
1,1,0.391,-0.2481415,0.03936443,-0.8849776,0.5083608,-0.503538,0.4952212,0.4927217,
1,1,0.393,-0.2481415,0.03936443,-0.8849776,0.5083608,-0.503538,0.4952212,0.4927217,
1,1,0.395,-0.2481472,0.039366,-0.8849744,0.5083456,-0.5035473,0.4952181,0.4927313,
1,1,0.397,-0.2481472,0.039366,-0.8849744,0.5083456,-0.5035473,0.4952181,0.4927313,
1,1,0.399,-0.2481472,0.039366,-0.8849744,0.5083456,-0.5035473,0.4952181,0.4927313,
1,1,0.401,-0.2481472,0.039366,-0.8849744,0.5083456,-0.5035473,0.4952181,0.4927313,
1,1,0.403,-0.2481472,0.039366,-0.8849744,0.5083456,-0.5035473,0.4952181,0.4927313,
1,1,0.405,-0.2481397,0.03935983,-0.8849726,0.5083592,-0.5035418,0.49521,0.4927309,
1,1,0.407,-0.2481397,0.03935983,-0.8849726,0.5083592,-0.5035418,0.49521,0.4927309,
1,1,0.409,-0.2481397,0.03935983,-0.8849726,0.5083592,-0.5035418,0.49521,0.4927309,
1,1,0.411,-0.2481397,0.03935983,-0.8849726,0.5083592,-0.5035418,0.49521,0.4927309,
1,1,0.413,-0.2481444,0.03936384,-0.884981,0.5083582,-0.5035394,0.4952233,0.492721,
1,1,0.415,-0.2481444,0.03936384,-0.884981,0.5083582,-0.5035394,0.4952233,0.492721,
1,1,0.417,-0.2481444,0.03936384,-0.884981,0.5083582,-0.5035394,0.4952233,0.492721,
1,1,0.419,-0.2481444,0.03936384,-0.884981,0.5083582,-0.5035394,0.4952233,0.492721,
1,1,0.421,-0.2481501,0.03935988,-0.8849794,0.5083678,-0.5035338,0.495239,0.492701,
1,1,0.423,-0.2481501,0.03935988,-0.8849794,0.5083678,-0.5035338,0.495239,0.492701,
1,1,0.425,-0.2481501,0.03935988,-0.8849794,0.5083678,-0.5035338,0.495239,0.492701,
1,1,0.427,-0.2481501,0.03935988,-0.8849794,0.5083678,-0.5035338,0.495239,0.492701,
1,1,0.429,-0.2481583,0.0393439,-0.8849916,0.5083766,-0.503558,0.4951895,0.4927169,
1,1,0.431,-0.2481583,0.0393439,-0.8849916,0.5083766,-0.503558,0.4951895,0.4927169,
1,1,0.433,-0.2481583,0.0393439,-0.8849916,0.5083766,-0.503558,0.4951895,0.4927169,
1,1,0.435,-0.2481583,0.0393439,-0.8849916,0.5083766,-0.503558,0.4951895,0.4927169,
1,1,0.437,-0.2481504,0.03935078,-0.8849807,0.5083594,-0.5035526,0.4952111,0.4927186,
1,1,0.439,-0.2481504,0.03935078,-0.8849807,0.5083594,-0.5035526,0.4952111,0.4927186,
1,1,0.441,-0.2481504,0.03935078,-0.8849807,0.5083594,-0.5035526,0.4952111,0.4927186,
1,1,0.443,-0.2481504,0.03935078,-0.8849807,0.5083594,-0.5035526,0.4952111,0.4927186,
1,1,0.445,-0.2481481,0.0393565,-0.8849776,0.5083587,-0.5035561,0.4952246,0.4927021,
1,1,0.447,-0.2481481,0.0393565,-0.8849776,0.5083587,-0.5035561,0.4952246,0.4927021,
1,1,0.449,-0.2481481,0.0393565,-0.8849776,0.5083587,-0.5035561,0.4952246,0.4927021,
1,1,0.451,-0.2481481,0.0393565,-0.8849776,0.5083587,-0.5035561,0.4952246,0.4927021,
1,1,0.453,-0.2481481,0.0393565,-0.8849776,0.5083587,-0.5035561,0.4952246,0.4927021,
1,1,0.455,-0.2481395,0.03936815,-0.8849672,0.508364,-0.5035373,0.4952373,0.4927031,
1,1,0.457,-0.2481395,0.03936815,-0.8849672,0.508364,-0.5035373,0.4952373,0.4927031,
1,1,0.459,-0.2481395,0.03936815,-0.8849672,0.508364,-0.5035373,0.4952373,0.4927031,
1,1,0.461,-0.2481395,0.03936815,-0.8849672,0.508364,-0.5035373,0.4952373,0.4927031,
1,1,0.463,-0.2481546,0.0393688,-0.8849775,0.5083463,-0.5035483,0.4952331,0.4927145,
1,1,0.465,-0.2481546,0.0393688,-0.8849775,0.5083463,-0.5035483,0.4952331,0.4927145,
1,1,0.467,-0.2481546,0.0393688,-0.8849775,0.5083463,-0.5035483,0.4952331,0.4927145,
1,1,0.469,-0.2481546,0.0393688,-0.8849775,0.5083463,-0.5035483,0.4952331,0.4927145,
1,1,0.471,-0.248154,0.03936458,-0.8849778,0.5083479,-0.5035489,0.4952297,0.4927155,
1,1,0.473,-0.248154,0.03936458,-0.8849778,0.5083479,-0.5035489,0.4952297,0.4927155,
1,1,0.475,-0.248154,0.03936458,-0.8849778,0.5083479,-0.5035489,0.4952297,0.4927155,
1,1,0.477,-0.248154,0.03936458,-0.8849778,0.5083479,-0.5035489,0.4952297,0.4927155,
1,1,0.479,-0.2481543,0.03936476,-0.8849798,0.5083487,-0.5035618,0.4952063,0.492725,
1,1,0.481,-0.2481543,0.03936476,-0.8849798,0.5083487,-0.5035618,0.4952063,0.492725,
1,1,0.483,-0.2481543,0.03936476,-0.8849798,0.5083487,-0.5035618,0.4952063,0.492725,
1,1,0.485,-0.2481543,0.03936476,-0.8849798,0.5083487,-0.5035618,0.4952063,0.492725,
1,1,0.487,-0.2481489,0.03937534,-0.884975,0.5083318,-0.5035324,0.4952542,0.4927242,
1,1,0.489,-0.2481489,0.03937534,-0.884975,0.5083318,-0.5035324,0.4952542,0.4927242,
1,1,0.491,-0.2481489,0.03937534,-0.884975,0.5083318,-0.5035324,0.4952542,0.4927242,
1,1,0.493,-0.2481489,0.03937534,-0.884975,0.5083318,-0.5035324,0.4952542,0.4927242,
1,1,0.495,-0.2481503,0.03936236,-0.8849773,0.5083309,-0.5035487,0.4952405,0.4927221,
1,1,0.497,-0.2481503,0.03936236,-0.8849773,0.5083309,-0.5035487,0.4952405,0.4927221,
1,1,0.499,-0.2481503,0.03936236,-0.8849773,0.5083309,-0.5035487,0.4952405,0.4927221,
1,1,0.501,-0.2481503,0.03936236,-0.8849773,0.5083309,-0.5035487,0.4952405,0.4927221,
1,1,0.503,-0.2481503,0.03936236,-0.8849773,0.5083309,-0.5035487,0.4952405,0.4927221,
1,1,0.505,-0.2481522,0.03936018,-0.884977,0.5083226,-0.5035566,0.4952355,0.4927278,
1,1,0.507,-0.2481522,0.03936018,-0.884977,0.5083226,-0.5035566,0.4952355,0.4927278,
1,1,0.509,-0.2481522,0.03936018,-0.884977,0.5083226,-0.5035566,0.4952355,0.4927278,
1,1,0.511,-0.2481522,0.03936018,-0.884977,0.5083226,-0.5035566,0.4952355,0.4927278,
1,1,0.513,-0.2481551,0.03936464,-0.8849729,0.5083301,-0.5035551,0.4952417,0.4927156,
1,1,0.515,-0.2481551,0.03936464,-0.8849729,0.5083301,-0.5035551,0.4952417,0.4927156,
1,1,0.517,-0.2481551,0.03936464,-0.8849729,0.5083301,-0.5035551,0.4952417,0.4927156,
1,1,0.519,-0.2481551,0.03936464,-0.8849729,0.5083301,-0.5035551,0.4952417,0.4927156,
1,1,0.521,-0.2481605,0.03937783,-0.8849703,0.5083089,-0.5035439,0.4952677,0.4927227,
1,1,0.523,-0.2481605,0.03937783,-0.8849703,0.5083089,-0.5035439,0.4952677,0.4927227,
1,1,0.525,-0.2481605,0.03937783,-0.8849703,0.5083089,-0.5035439,0.4952677,0.4927227,
1,1,0.527,-0.2481605,0.03937783,-0.8849703,0.5083089,-0.5035439,0.4952677,0.4927227,
1,1,0.529,-0.2481626,0.03937564,-0.8849767,0.5083121,-0.5035413,0.4952556,0.4927341,
1,1,0.531,-0.2481626,0.03937564,-0.8849767,0.5083121,-0.5035413,0.4952556,0.4927341,
1,1,0.533,-0.2481626,0.03937564,-0.8849767,0.5083121,-0.5035413,0.4952556,0.4927341,
1,1,0.535,-0.2481626,0.03937564,-0.8849767,0.5083121,-0.5035413,0.4952556,0.4927341,
1,1,0.537,-0.2481561,0.03936675,-0.884974,0.5083387,-0.5035395,0.4952374,0.4927269,
1,1,0.539,-0.2481561,0.03936675,-0.884974,0.5083387,-0.5035395,0.4952374,0.4927269,
1,1,0.541,-0.2481561,0.03936675,-0.884974,0.5083387,-0.5035395,0.4952374,0.4927269,
1,1,0.543,-0.2481561,0.03936675,-0.884974,0.5083387,-0.5035395,0.4952374,0.4927269,
1,1,0.545,-0.2481432,0.03935575,-0.8849826,0.5083652,-0.5035462,0.4952171,0.4927132,
1,1,0.547,-0.2481432,0.03935575,-0.8849826,0.5083652,-0.5035462,0.4952171,0.4927132,
1,1,0.549,-0.2481432,0.03935575,-0.8849826,0.5083652,-0.5035462,0.4952171,0.4927132,
1,1,0.551,-0.2481432,0.03935575,-0.8849826,0.5083652,-0.5035462,0.4952171,0.4927132,
1,1,0.553,-0.2481432,0.03935575,-0.8849826,0.5083652,-0.5035462,0.4952171,0.4927132,
1,1,0.555,-0.2481459,0.03935094,-0.8849765,0.5083625,-0.5035449,0.4952251,0.4927091,
1,1,0.557,-0.2481459,0.03935094,-0.8849765,0.5083625,-0.5035449,0.4952251,0.4927091,
1,1,0.559,-0.2481459,0.03935094,-0.8849765,0.5083625,-0.5035449,0.4952251,0.4927091,
1,1,0.561,-0.2481459,0.03935094,-0.8849765,0.5083625,-0.5035449,0.4952251,0.4927091,
1,1,0.563,-0.2481553,0.03935809,-0.8849676,0.5083465,-0.503545,0.4952473,0.4927032,
1,1,0.565,-0.2481553,0.03935809,-0.8849676,0.5083465,-0.503545,0.4952473,0.4927032,
1,1,0.567,-0.2481553,0.03935809,-0.8849676,0.5083465,-0.503545,0.4952473,0.4927032,
1,1,0.569,-0.2481553,0.03935809,-0.8849676,0.5083465,-0.503545,0.4952473,0.4927032,
1,1,0.571,-0.2481516,0.03935401,-0.8849769,0.5083574,-0.5035559,0.4952382,0.49269,
1,1,0.573,-0.2481516,0.03935401,-0.8849769,0.5083574,-0.5035559,0.4952382,0.49269,
1,1,0.575,-0.2481516,0.03935401,-0.8849769,0.5083574,-0.5035559,0.4952382,0.49269,
1,1,0.577,-0.2481516,0.03935401,-0.8849769,0.5083574,-0.5035559,0.4952382,0.49269,
1,1,0.579,-0.2481518,0.03935147,-0.8849738,0.508359,-0.5035604,0.4952275,0.4926945,
1,1,0.581,-0.2481518,0.03935147,-0.8849738,0.508359,-0.5035604,0.4952275,0.4926945,
1,1,0.583,-0.2481518,0.03935147,-0.8849738,0.508359,-0.5035604,0.4952275,0.4926945,
1,1,0.585,-0.2481518,0.03935147,-0.8849738,0.508359,-0.5035604,0.4952275,0.4926945,
1,1,0.587,-0.2481531,0.03934709,-0.8849728,0.5083595,-0.5035695,0.4952093,0.4927031,
1,1,0.589,-0.2481531,0.03934709,-0.8849728,0.5083595,-0.5035695,0.4952093,0.4927031,
1,1,0.591,-0.2481531,0.03934709,-0.8849728,0.5083595,-0.5035695,0.4952093,0.4927031,
1,1,0.593,-0.2481531,0.03934709,-0.8849728,0.5083595,-0.5035695,0.4952093,0.4927031,
1,1,0.595,-0.2481556,0.03935633,-0.8849816,0.5083643,-0.5035352,0.4952346,0.4927076,
1,1,0.597,-0.2481556,0.03935633,-0.8849816,0.5083643,-0.5035352,0.4952346,0.4927076,
1,1,0.599,-0.2481556,0.03935633,-0.8849816,0.5083643,-0.5035352,0.4952346,0.4927076,
1,1,0.601,-0.2481556,0.03935633,-0.8849816,0.5083643,-0.5035352,0.4952346,0.4927076,
1,1,0.603,-0.2481556,0.03935633,-0.8849816,0.5083643,-0.5035352,0.4952346,0.4927076,
1,1,0.605,-0.2481602,0.03934256,-0.8849697,0.5083715,-0.5035511,0.4952182,0.4927005,
1,1,0.607,-0.2481602,0.03934256,-0.8849697,0.5083715,-0.5035511,0.4952182,0.4927005,
1,1,0.609,-0.2481602,0.03934256,-0.8849697,0.5083715,-0.5035511,0.4952182,0.4927005,
1,1,0.611,-0.2481602,0.03934256,-0.8849697,0.5083715,-0.5035511,0.4952182,0.4927005,
1,1,0.613,-0.2481554,0.03934636,-0.8849782,0.5083815,-0.5035436,0.4952177,0.4926983,
1,1,0.615,-0.2481554,0.03934636,-0.8849782,0.5083815,-0.5035436,0.4952177,0.4926983,
1,1,0.617,-0.2481554,0.03934636,-0.8849782,0.5083815,-0.5035436,0.4952177,0.4926983,
1,1,0.619,-0.2481554,0.03934636,-0.8849782,0.5083815,-0.5035436,0.4952177,0.4926983,
1,1,0.621,-0.2481459,0.03934591,-0.8849741,0.5083609,-0.5035481,0.4952249,0.4927079,
1,1,0.623,-0.2481459,0.03934591,-0.8849741,0.5083609,-0.5035481,0.4952249,0.4927079,
1,1,0.625,-0.2481459,0.03934591,-0.8849741,0.5083609,-0.5035481,0.4952249,0.4927079,
1,1,0.627,-0.2481459,0.03934591,-0.8849741,0.5083609,-0.5035481,0.4952249,0.4927079,
1,1,0.629,-0.248147,0.03934323,-0.8849788,0.508372,-0.5035592,0.4952179,0.4926919,
1,1,0.631,-0.248147,0.03934323,-0.8849788,0.508372,-0.5035592,0.4952179,0.4926919,
1,1,0.633,-0.248147,0.03934323,-0.8849788,0.508372,-0.5035592,0.4952179,0.4926919,
1,1,0.635,-0.248147,0.03934323,-0.8849788,0.508372,-0.5035592,0.4952179,0.4926919,
1,1,0.637,-0.2481457,0.03934865,-0.8849804,0.508378,-0.5035735,0.4951955,0.4926937,
1,1,0.639,-0.2481457,0.03934865,-0.8849804,0.508378,-0.5035735,0.4951955,0.4926937,
1,1,0.641,-0.2481457,0.03934865,-0.8849804,0.508378,-0.5035735,0.4951955,0.4926937,
1,1,0.643,-0.2481457,0.03934865,-0.8849804,0.508378,-0.5035735,0.4951955,0.4926937,
1,1,0.645,-0.2481381,0.03934692,-0.8849769,0.508381,-0.5035501,0.4951965,0.4927136,
1,1,0.647,-0.2481381,0.03934692,-0.8849769,0.508381,-0.5035501,0.4951965,0.4927136,
1,1,0.649,-0.2481381,0.03934692,-0.8849769,0.508381,-0.5035501,0.4951965,0.4927136,
1,1,0.651,-0.2481381,0.03934692,-0.8849769,0.508381,-0.5035501,0.4951965,0.4927136,
1,1,0.653,-0.2481381,0.03934692,-0.8849769,0.508381,-0.5035501,0.4951965,0.4927136,
1,1,0.655,-0.2481463,0.0393455,-0.8849818,0.5083717,-0.5035534,0.4952005,0.4927157,
1,1,0.657,-0.2481463,0.0393455,-0.8849818,0.5083717,-0.5035534,0.4952005,0.4927157,
1,1,0.659,-0.2481463,0.0393455,-0.8849818,0.5083717,-0.5035534,0.4952005,0.4927157,
1,1,0.661,-0.2481463,0.0393455,-0.8849818,0.5083717,-0.5035534,0.4952005,0.4927157,
1,1,0.663,-0.2481453,0.03934474,-0.8849814,0.5083649,-0.5035762,0.4951832,0.4927168,
1,1,0.665,-0.2481453,0.03934474,-0.8849814,0.5083649,-0.5035762,0.4951832,0.4927168,
1,1,0.667,-0.2481453,0.03934474,-0.8849814,0.5083649,-0.5035762,0.4951832,0.4927168,
1,1,0.669,-0.2481453,0.03934474,-0.8849814,0.5083649,-0.5035762,0.4951832,0.4927168,
1,1,0.671,-0.2481421,0.03935739,-0.8849859,0.5083581,-0.5035691,0.495191,0.4927231,
1,1,0.673,-0.2481421,0.03935739,-0.8849859,0.5083581,-0.5035691,0.495191,0.4927231,
1,1,0.675,-0.2481421,0.03935739,-0.8849859,0.5083581,-0.5035691,0.495191,0.4927231,
1,1,0.677,-0.2481421,0.03935739,-0.8849859,0.5083581,-0.5035691,0.495191,0.4927231,
1,1,0.679,-0.2481485,0.03935624,-0.884982,0.5083579,-0.5035536,0.4952086,0.4927216,
1,1,0.681,-0.2481485,0.03935624,-0.884982,0.5083579,-0.5035536,0.4952086,0.4927216,
1,1,0.683,-0.2481485,0.03935624,-0.884982,0.5083579,-0.5035536,0.4952086,0.4927216,
1,1,0.685,-0.2481485,0.03935624,-0.884982,0.5083579,-0.5035536,0.4952086,0.4927216,
1,1,0.687,-0.2481509,0.03935581,-0.8849788,0.5083566,-0.5035492,0.4952251,0.4927107,
1,1,0.689,-0.2481509,0.03935581,-0.8849788,0.5083566,-0.5035492,0.4952251,0.4927107,
1,1,0.691,-0.2481509,0.03935581,-0.8849788,0.5083566,-0.5035492,0.4952251,0.4927107,
1,1,0.693,-0.2481509,0.03935581,-0.8849788,0.5083566,-0.5035492,0.4952251,0.4927107,
1,1,0.695,-0.2481484,0.03935748,-0.8849792,0.5083607,-0.503547,0.4952226,0.4927113,
1,1,0.697,-0.2481484,0.03935748,-0.8849792,0.5083607,-0.503547,0.4952226,0.4927113,
1,1,0.699,-0.2481484,0.03935748,-0.8849792,0.5083607,-0.503547,0.4952226,0.4927113,
1,1,0.701,-0.2481484,0.03935748,-0.8849792,0.5083607,-0.503547,0.4952226,0.4927113,
1,1,0.703,-0.2481484,0.03935748,-0.8849792,0.5083607,-0.503547,0.4952226,0.4927113,
1,1,0.705,-0.2481527,0.03936354,-0.8849849,0.5083539,-0.5035383,0.4952453,0.4927044,
1,1,0.707,-0.2481527,0.03936354,-0.8849849,0.5083539,-0.5035383,0.4952453,0.4927044,
1,1,0.709,-0.2481527,0.03936354,-0.8849849,0.5083539,-0.5035383,0.4952453,0.4927044,
1,1,0.711,-0.2481527,0.03936354,-0.8849849,0.5083539,-0.5035383,0.4952453,0.4927044,
1,1,0.713,-0.2481476,0.03936491,-0.8849773,0.5083475,-0.503534,0.4952433,0.4927176,
1,1,0.715,-0.2481476,0.03936491,-0.8849773,0.5083475,-0.503534,0.4952433,0.4927176,
1,1,0.717,-0.2481476,0.03936491,-0.8849773,0.5083475,-0.503534,0.4952433,0.4927176,
1,1,0.719,-0.2481476,0.03936491,-0.8849773,0.5083475,-0.503534,0.4952433,0.4927176,
1,1,0.721,-0.2481553,0.03936448,-0.8849791,0.5083413,-0.5035519,0.4952343,0.4927146,
1,1,0.723,-0.2481553,0.03936448,-0.8849791,0.5083413,-0.5035519,0.4952343,0.4927146,
1,1,0.725,-0.2481553,0.03936448,-0.8849791,0.5083413,-0.5035519,0.4952343,0.4927146,
1,1,0.727,-0.2481553,0.03936448,-0.8849791,0.5083413,-0.5035519,0.4952343,0.4927146,
1,1,0.729,-0.2481525,0.03936143,-0.8849806,0.5083432,-0.5035512,0.4952287,0.4927191,
1,1,0.731,-0.2481525,0.03936143,-0.8849806,0.5083432,-0.5035512,0.4952287,0.4927191,
1,1,0.733,-0.2481525,0.03936143,-0.8849806,0.5083432,-0.5035512,0.4952287,0.4927191,
1,1,0.735,-0.2481525,0.03936143,-0.8849806,0.5083432,-0.5035512,0.4952287,0.4927191,
1,1,0.737,-0.24814,0.03935985,-0.8849773,0.5083458,-0.50353,0.4952422,0.4927244,
1,1,0.739,-0.24814,0.03935985,-0.8849773,0.5083458,-0.50353,0.4952422,0.4927244,
1,1,0.741,-0.24814,0.03935985,-0.8849773,0.5083458,-0.50353,0.4952422,0.4927244,
1,1,0.743,-0.24814,0.03935985,-0.8849773,0.5083458,-0.50353,0.4952422,0.4927244,
1,1,0.745,-0.2481492,0.03936458,-0.8849719,0.50834,-0.5035386,0.4952463,0.4927175,
1,1,0.747,-0.2481492,0.03936458,-0.8849719,0.50834,-0.5035386,0.4952463,0.4927175,
1,1,0.749,-0.2481492,0.03936458,-0.8849719,0.50834,-0.5035386,0.4952463,0.4927175,
1,1,0.751,-0.2481492,0.03936458,-0.8849719,0.50834,-0.5035386,0.4952463,0.4927175,
1,1,0.753,-0.2481492,0.03936458,-0.8849719,0.50834,-0.5035386,0.4952463,0.4927175,
1,1,0.755,-0.2481579,0.03935952,-0.8849707,0.5083298,-0.503547,0.4952404,0.4927253,
1,1,0.757,-0.2481579,0.03935952,-0.8849707,0.5083298,-0.503547,0.4952404,0.4927253,
1,1,0.759,-0.2481579,0.03935952,-0.8849707,0.5083298,-0.503547,0.4952404,0.4927253,
1,1,0.761,-0.2481579,0.03935952,-0.8849707,0.5083298,-0.503547,0.4952404,0.4927253,
1,1,0.763,-0.2481625,0.0393618,-0.8849757,0.5083517,-0.5035447,0.4952314,0.4927141,
1,1,0.765,-0.2481625,0.0393618,-0.8849757,0.5083517,-0.5035447,0.4952314,0.4927141,
1,1,0.767,-0.2481625,0.0393618,-0.8849757,0.5083517,-0.5035447,0.4952314,0.4927141,
1,1,0.769,-0.2481625,0.0393618,-0.8849757,0.5083517,-0.5035447,0.4952314,0.4927141,
1,1,0.771,-0.2481667,0.03936365,-0.8849766,0.5083517,-0.5035447,0.4952314,0.4927141,
1,1,0.773,-0.2481667,0.03936365,-0.8849766,0.5083517,-0.5035447,0.4952314,0.4927141,
1,1,0.775,-0.2481667,0.03936365,-0.8849766,0.5083517,-0.5035447,0.4952314,0.4927141,
1,1,0.777,-0.2481667,0.03936365,-0.8849766,0.5083517,-0.5035447,0.4952314,0.4927141,
1,1,0.779,-0.2481545,0.03935469,-0.8849816,0.5083483,-0.5035676,0.4952175,0.4927082,
1,1,0.781,-0.2481545,0.03935469,-0.8849816,0.5083483,-0.5035676,0.4952175,0.4927082,
1,1,0.783,-0.2481545,0.03935469,-0.8849816,0.5083483,-0.5035676,0.4952175,0.4927082,
1,1,0.785,-0.2481545,0.03935469,-0.8849816,0.5083483,-0.5035676,0.4952175,0.4927082,
1,1,0.787,-0.2481533,0.0393545,-0.8849834,0.5083483,-0.5035676,0.4952175,0.4927082,
1,1,0.789,-0.2481533,0.0393545,-0.8849834,0.5083483,-0.5035676,0.4952175,0.4927082,
1,1,0.791,-0.2481533,0.0393545,-0.8849834,0.5083483,-0.5035676,0.4952175,0.4927082,
1,1,0.793,-0.2481533,0.0393545,-0.8849834,0.5083483,-0.5035676,0.4952175,0.4927082,
1,1,0.795,-0.2481522,0.03935821,-0.8849754,0.5083508,-0.5035613,0.4952197,0.4927099,
1,1,0.797,-0.2481522,0.03935821,-0.8849754,0.5083508,-0.5035613,0.4952197,0.4927099,
1,1,0.799,-0.2481522,0.03935821,-0.8849754,0.5083508,-0.5035613,0.4952197,0.4927099,
1,1,0.801,-0.2481522,0.03935821,-0.8849754,0.5083508,-0.5035613,0.4952197,0.4927099,
1,1,0.803,-0.2481534,0.03936559,-0.8849775,0.50835,-0.503564,0.4952089,0.4927189,
1,1,0.805,-0.2481534,0.03936559,-0.8849775,0.50835,-0.503564,0.4952089,0.4927189,
1,1,0.807,-0.2481534,0.03936559,-0.8849775,0.50835,-0.503564,0.4952089,0.4927189,
1,1,0.809,-0.2481534,0.03936559,-0.8849775,0.50835,-0.503564,0.4952089,0.4927189,
1,1,0.811,-0.2481584,0.03936423,-0.884983,0.5083418,-0.5035732,0.4952064,0.4927203,
1,1,0.813,-0.2481584,0.03936423,-0.884983,0.5083418,-0.5035732,0.4952064,0.4927203,
1,1,0.815,-0.2481584,0.03936423,-0.884983,0.5083418,-0.5035732,0.4952064,0.4927203,
1,1,0.817,-0.2481584,0.03936423,-0.884983,0.5083418,-0.5035732,0.4952064,0.4927203,
1,1,0.819,-0.2481517,0.0393694,-0.8849843,0.5083473,-0.5035454,0.4952248,0.4927247,
1,1,0.821,-0.2481517,0.0393694,-0.8849843,0.5083473,-0.5035454,0.4952248,0.4927247,
1,1,0.823,-0.2481517,0.0393694,-0.8849843,0.5083473,-0.5035454,0.4952248,0.4927247,
1,1,0.825,-0.2481517,0.0393694,-0.8849843,0.5083473,-0.5035454,0.4952248,0.4927247,
1,1,0.827,-0.2481496,0.03936916,-0.884977,0.5083508,-0.503543,0.4952311,0.4927172,
1,1,0.829,-0.2481496,0.03936916,-0.884977,0.5083508,-0.503543,0.4952311,0.4927172,
1,1,0.831,-0.2481496,0.03936916,-0.884977,0.5083508,-0.503543,0.4952311,0.4927172,
1,1,0.833,-0.2481496,0.03936916,-0.884977,0.5083508,-0.503543,0.4952311,0.4927172,
1,1,0.835,-0.2481407,0.03936327,-0.8849805,0.5083582,-0.503533,0.4952378,0.4927128,
1,1,0.837,-0.2481407,0.03936327,-0.8849805,0.5083582,-0.503533,0.4952378,0.4927128,
1,1,0.839,-0.2481407,0.03936327,-0.8849805,0.5083582,-0.503533,0.4952378,0.4927128,
1,1,0.841,-0.2481407,0.03936327,-0.8849805,0.5083582,-0.503533,0.4952378,0.4927128,
1,1,0.843,-0.2481369,0.03936755,-0.8849748,0.5083659,-0.503526,0.4952443,0.4927057,
1,1,0.845,-0.2481369,0.03936755,-0.8849748,0.5083659,-0.503526,0.4952443,0.4927057,
1,1,0.847,-0.2481369,0.03936755,-0.8849748,0.5083659,-0.503526,0.4952443,0.4927057,
1,1,0.849,-0.2481369,0.03936755,-0.8849748,0.5083659,-0.503526,0.4952443,0.4927057,
1,1,0.851,-0.2481402,0.0393678,-0.8849723,0.5083555,-0.5035342,0.4952327,0.4927197,
1,1,0.853,-0.2481402,0.0393678,-0.8849723,0.5083555,-0.5035342,0.4952327,0.4927197,
1,1,0.855,-0.2481402,0.0393678,-0.8849723,0.5083555,-0.5035342,0.4952327,0.4927197,
1,1,0.857,-0.2481402,0.0393678,-0.8849723,0.5083555,-0.5035342,0.4952327,0.4927197,
1,1,0.859,-0.248145,0.03935679,-0.8849748,0.5083529,-0.5035402,0.4952383,0.4927105,
1,1,0.861,-0.248145,0.03935679,-0.8849748,0.5083529,-0.5035402,0.4952383,0.4927105,
1,1,0.863,-0.248145,0.03935679,-0.8849748,0.5083529,-0.5035402,0.4952383,0.4927105,
1,1,0.865,-0.248145,0.03935679,-0.8849748,0.5083529,-0.5035402,0.4952383,0.4927105,
1,1,0.867,-0.2481455,0.03935555,-0.884984,0.5083508,-0.5035479,0.4952315,0.4927117,
1,1,0.869,-0.2481455,0.03935555,-0.884984,0.5083508,-0.5035479,0.4952315,0.4927117,
1,1,0.871,-0.2481455,0.03935555,-0.884984,0.5083508,-0.5035479,0.4952315,0.4927117,
1,1,0.873,-0.2481455,0.03935555,-0.884984,0.5083508,-0.5035479,0.4952315,0.4927117,
1,1,0.875,-0.2481485,0.03935555,-0.8849843,0.5083412,-0.5035681,0.4952124,0.49272,
1,1,0.877,-0.2481485,0.03935555,-0.8849843,0.5083412,-0.5035681,0.4952124,0.49272,
1,1,0.879,-0.2481485,0.03935555,-0.8849843,0.5083412,-0.5035681,0.4952124,0.49272,
1,1,0.881,-0.2481485,0.03935555,-0.8849843,0.5083412,-0.5035681,0.4952124,0.49272,
1,1,0.883,-0.2481476,0.03934494,-0.8849757,0.508353,-0.5035642,0.4952098,0.4927145,
1,1,0.885,-0.2481476,0.03934494,-0.8849757,0.508353,-0.5035642,0.4952098,0.4927145,
1,1,0.887,-0.2481476,0.03934494,-0.8849757,0.508353,-0.5035642,0.4952098,0.4927145,
1,1,0.889,-0.2481476,0.03934494,-0.8849757,0.508353,-0.5035642,0.4952098,0.4927145,
1,1,0.891,-0.2481476,0.03934494,-0.8849757,0.508353,-0.5035642,0.4952098,0.4927145,
1,1,0.893,-0.2481554,0.03935035,-0.8849747,0.5083426,-0.5035695,0.4952076,0.4927222,
1,1,0.895,-0.2481554,0.03935035,-0.8849747,0.5083426,-0.5035695,0.4952076,0.4927222,
1,1,0.897,-0.2481554,0.03935035,-0.8849747,0.5083426,-0.5035695,0.4952076,0.4927222,
1,1,0.899,-0.2481554,0.03935035,-0.8849747,0.5083426,-0.5035695,0.4952076,0.4927222,
1,1,0.901,-0.2481621,0.03936607,-0.8849793,0.5083303,-0.5035619,0.4952164,0.4927337,
1,1,0.903,-0.2481621,0.03936607,-0.8849793,0.5083303,-0.5035619,0.4952164,0.4927337,
1,1,0.905,-0.2481621,0.03936607,-0.8849793,0.5083303,-0.5035619,0.4952164,0.4927337,
1,1,0.907,-0.2481621,0.03936607,-0.8849793,0.5083303,-0.5035619,0.4952164,0.4927337,
1,1,0.909,-0.2481589,0.03937044,-0.8849722,0.5083435,-0.5035512,0.4952215,0.492726,
1,1,0.911,-0.2481589,0.03937044,-0.8849722,0.5083435,-0.5035512,0.4952215,0.492726,
1,1,0.913,-0.2481589,0.03937044,-0.8849722,0.5083435,-0.5035512,0.4952215,0.492726,
1,1,0.915,-0.2481589,0.03937044,-0.8849722,0.5083435,-0.5035512,0.4952215,0.492726,
1,1,0.917,-0.2481416,0.03937783,-0.8849643,0.5083531,-0.5035295,0.4952298,0.4927299,
1,1,0.919,-0.2481416,0.03937783,-0.8849643,0.5083531,-0.5035295,0.4952298,0.4927299,
1,1,0.921,-0.2481416,0.03937783,-0.8849643,0.5083531,-0.5035295,0.4952298,0.4927299,
1,1,0.923,-0.2481416,0.03937783,-0.8849643,0.5083531,-0.5035295,0.4952298,0.4927299,
1,1,0.925,-0.248142,0.03936791,-0.8849718,0.5083511,-0.5035218,0.4952412,0.4927283,
1,1,0.927,-0.248142,0.03936791,-0.8849718,0.5083511,-0.5035218,0.4952412,0.4927283,
1,1,0.929,-0.248142,0.03936791,-0.8849718,0.5083511,-0.5035218,0.4952412,0.4927283,
1,1,0.931,-0.248142,0.03936791,-0.8849718,0.5083511,-0.5035218,0.4952412,0.4927283,
1,1,0.933,-0.2481653,0.03935845,-0.8849772,0.5083364,-0.5035729,0.4952175,0.4927149,
1,1,0.935,-0.2481653,0.03935845,-0.8849772,0.5083364,-0.5035729,0.4952175,0.4927149,
1,1,0.937,-0.2481653,0.03935845,-0.8849772,0.5083364,-0.5035729,0.4952175,0.4927149,
1,1,0.939,-0.2481653,0.03935845,-0.8849772,0.5083364,-0.5035729,0.4952175,0.4927149,
1,1,0.941,-0.24817,0.03935812,-0.8849781,0.5083364,-0.5035729,0.4952175,0.4927149,
1,1,0.943,-0.24817,0.03935812,-0.8849781,0.5083364,-0.5035729,0.4952175,0.4927149,
1,1,0.945,-0.24817,0.03935812,-0.8849781,0.5083364,-0.5035729,0.4952175,0.4927149,
1,1,0.947,-0.24817,0.03935812,-0.8849781,0.5083364,-0.5035729,0.4952175,0.4927149,
1,1,0.949,-0.24817,0.03935812,-0.8849781,0.5083364,-0.5035729,0.4952175,0.4927149,
1,1,0.951,-0.2481634,0.03935285,-0.8849729,0.5083484,-0.5035655,0.4952218,0.4927059,
1,1,0.953,-0.2481634,0.03935285,-0.8849729,0.5083484,-0.5035655,0.4952218,0.4927059,
1,1,0.955,-0.2481634,0.03935285,-0.8849729,0.5083484,-0.5035655,0.4952218,0.4927059,
1,1,0.957,-0.2481634,0.03935285,-0.8849729,0.5083484,-0.5035655,0.4952218,0.4927059,
1,1,0.959,-0.2481492,0.03936206,-0.8849729,0.5083308,-0.5035781,0.4952087,0.4927245,
1,1,0.961,-0.2481492,0.03936206,-0.8849729,0.5083308,-0.5035781,0.4952087,0.4927245,
1,1,0.963,-0.2481492,0.03936206,-0.8849729,0.5083308,-0.5035781,0.4952087,0.4927245,
1,1,0.965,-0.2481492,0.03936206,-0.8849729,0.5083308,-0.5035781,0.4952087,0.4927245,
1,1,0.967,-0.2481501,0.0393743,-0.8849768,0.5083343,-0.5035566,0.4952297,0.4927216,
1,1,0.969,-0.2481501,0.0393743,-0.8849768,0.5083343,-0.5035566,0.4952297,0.4927216,
1,1,0.971,-0.2481501,0.0393743,-0.8849768,0.5083343,-0.5035566,0.4952297,0.4927216,
1,1,0.973,-0.2481501,0.0393743,-0.8849768,0.5083343,-0.5035566,0.4952297,0.4927216,
1,1,0.975,-0.2481543,0.03936494,-0.8849803,0.5083382,-0.5035524,0.495234,0.4927176,
1,1,0.977,-0.2481543,0.03936494,-0.8849803,0.5083382,-0.5035524,0.495234,0.4927176,
1,1,0.979,-0.2481543,0.03936494,-0.8849803,0.5083382,-0.5035524,0.495234,0.4927176,
1,1,0.981,-0.2481543,0.03936494,-0.8849803,0.5083382,-0.5035524,0.495234,0.4927176,
1,1,0.983,-0.2481592,0.03936208,-0.8849791,0.5083494,-0.5035504,0.4952356,0.4927064,
1,1,0.985,-0.2481592,0.03936208,-0.8849791,0.5083494,-0.5035504,0.4952356,0.4927064,
1,1,0.987,-0.2481592,0.03936208,-0.8849791,0.5083494,-0.5035504,0.4952356,0.4927064,
1,1,0.989,-0.2481592,0.03936208,-0.8849791,0.5083494,-0.5035504,0.4952356,0.4927064,
1,1,0.991,-0.2481585,0.03935739,-0.8849803,0.5083517,-0.5035492,0.4952369,0.492704,
1,1,0.993,-0.2481585,0.03935739,-0.8849803,0.5083517,-0.5035492,0.4952369,0.492704,
1,1,0.995,-0.2481585,0.03935739,-0.8849803,0.5083517,-0.5035492,0.4952369,0.492704,
1,1,0.997,-0.2481585,0.03935739,-0.8849803,0.5083517,-0.5035492,0.4952369,0.492704,
1,1,0.999,-0.2481704,0.03935481,-0.8849865,0.5083491,-0.5035667,0.4952228,0.492703,
1,1,1.001,-0.2481704,0.03935481,-0.8849865,0.5083491,-0.5035667,0.4952228,0.492703,
1,1,1.003,-0.2481704,0.03935481,-0.8849865,0.5083491,-0.5035667,0.4952228,0.492703,
1,1,1.005,-0.2481704,0.03935481,-0.8849865,0.5083491,-0.5035667,0.4952228,0.492703,
1,1,1.007,-0.2481676,0.03935909,-0.884976,0.5083373,-0.5035725,0.4952257,0.4927063,
1,1,1.009,-0.2481676,0.03935909,-0.884976,0.5083373,-0.5035725,0.4952257,0.4927063,
1,1,1.011,-0.2481676,0.03935909,-0.884976,0.5083373,-0.5035725,0.4952257,0.4927063,
1,1,1.013,-0.2481676,0.03935909,-0.884976,0.5083373,-0.5035725,0.4952257,0.4927063,
1,1,1.015,-0.2481575,0.03936489,-0.8849705,0.508341,-0.5035721,0.4952149,0.4927138,
1,1,1.017,-0.2481575,0.03936489,-0.8849705,0.508341,-0.5035721,0.4952149,0.4927138,
1,1,1.019,-0.2481575,0.03936489,-0.8849705,0.508341,-0.5035721,0.4952149,0.4927138,
1,1,1.021,-0.2481575,0.03936489,-0.8849705,0.508341,-0.5035721,0.4952149,0.4927138,
1,1,1.023,-0.2481575,0.03936489,-0.8849705,0.508341,-0.5035721,0.4952149,0.4927138,
1,1,1.025,-0.2481493,0.03935429,-0.8849819,0.5083576,-0.5035745,0.4952065,0.4927025,
1,1,1.027,-0.2481493,0.03935429,-0.8849819,0.5083576,-0.5035745,0.4952065,0.4927025,
1,1,1.029,-0.2481493,0.03935429,-0.8849819,0.5083576,-0.5035745,0.4952065,0.4927025,
1,1,1.031,-0.2481493,0.03935429,-0.8849819,0.5083576,-0.5035745,0.4952065,0.4927025,
1,1,1.033,-0.248147,0.03935114,-0.8849806,0.5083554,-0.5035746,0.4952052,0.4927061,
1,1,1.035,-0.248147,0.03935114,-0.8849806,0.5083554,-0.5035746,0.4952052,0.4927061,
1,1,1.037,-0.248147,0.03935114,-0.8849806,0.5083554,-0.5035746,0.4952052,0.4927061,
1,1,1.039,-0.248147,0.03935114,-0.8849806,0.5083554,-0.5035746,0.4952052,0.4927061,
1,1,1.041,-0.2481499,0.03936041,-0.8849835,0.5083471,-0.5035619,0.4952176,0.4927151,
1,1,1.043,-0.2481499,0.03936041,-0.8849835,0.5083471,-0.5035619,0.4952176,0.4927151,
1,1,1.045,-0.2481499,0.03936041,-0.8849835,0.5083471,-0.5035619,0.4952176,0.4927151,
1,1,1.047,-0.2481499,0.03936041,-0.8849835,0.5083471,-0.5035619,0.4952176,0.4927151,
1,1,1.049,-0.2481531,0.03935981,-0.8849822,0.508351,-0.5035511,0.4952345,0.4927053,
1,1,1.051,-0.2481531,0.03935981,-0.8849822,0.508351,-0.5035511,0.4952345,0.4927053,
1,1,1.053,-0.2481531,0.03935981,-0.8849822,0.508351,-0.5035511,0.4952345,0.4927053,
1,1,1.055,-0.2481531,0.03935981,-0.8849822,0.508351,-0.5035511,0.4952345,0.4927053,
1,1,1.057,-0.2481559,0.03934401,-0.884981,0.5083656,-0.5035957,0.4951859,0.4926935,
1,1,1.059,-0.2481559,0.03934401,-0.884981,0.5083656,-0.5035957,0.4951859,0.4926935,
1,1,1.061,-0.2481559,0.03934401,-0.884981,0.5083656,-0.5035957,0.4951859,0.4926935,
1,1,1.063,-0.2481559,0.03934401,-0.884981,0.5083656,-0.5035957,0.4951859,0.4926935,
1,1,1.065,-0.2481568,0.03934423,-0.8849815,0.5083656,-0.5035957,0.4951859,0.4926935,
1,1,1.067,-0.2481568,0.03934423,-0.8849815,0.5083656,-0.5035957,0.4951859,0.4926935,
1,1,1.069,-0.2481568,0.03934423,-0.8849815,0.5083656,-0.5035957,0.4951859,0.4926935,
1,1,1.071,-0.2481568,0.03934423,-0.8849815,0.5083656,-0.5035957,0.4951859,0.4926935,
1,1,1.073,-0.2481577,0.0393473,-0.8849823,0.5083547,-0.503588,0.4952008,0.4926975,
1,1,1.075,-0.2481577,0.0393473,-0.8849823,0.5083547,-0.503588,0.4952008,0.4926975,
1,1,1.077,-0.2481577,0.0393473,-0.8849823,0.5083547,-0.503588,0.4952008,0.4926975,
1,1,1.079,-0.2481577,0.0393473,-0.8849823,0.5083547,-0.503588,0.4952008,0.4926975,
1,1,1.081,-0.2481465,0.03935691,-0.8849771,0.5083395,-0.5035847,0.4952049,0.4927125,
1,1,1.083,-0.2481465,0.03935691,-0.8849771,0.5083395,-0.5035847,0.4952049,0.4927125,
1,1,1.085,-0.2481465,0.03935691,-0.8849771,0.5083395,-0.5035847,0.4952049,0.4927125,
1,1,1.087,-0.2481465,0.03935691,-0.8849771,0.5083395,-0.5035847,0.4952049,0.4927125,
1,1,1.089,-0.2481524,0.03935206,-0.8849762,0.5083463,-0.5035864,0.4952011,0.4927076,
1,1,1.091,-0.2481524,0.03935206,-0.8849762,0.5083463,-0.5035864,0.4952011,0.4927076,
1,1,1.093,-0.2481524,0.03935206,-0.8849762,0.5083463,-0.5035864,0.4952011,0.4927076,
1,1,1.095,-0.2481524,0.03935206,-0.8849762,0.5083463,-0.5035864,0.4952011,0.4927076,
1,1,1.097,-0.2481418,0.03935363,-0.8849844,0.5083603,-0.5035719,0.4951968,0.4927122,
1,1,1.099,-0.2481418,0.03935363,-0.8849844,0.5083603,-0.5035719,0.4951968,0.4927122,
1,1,1.101,-0.2481418,0.03935363,-0.8849844,0.5083603,-0.5035719,0.4951968,0.4927122,
1,1,1.103,-0.2481418,0.03935363,-0.8849844,0.5083603,-0.5035719,0.4951968,0.4927122,
1,1,1.105,-0.2481418,0.03935363,-0.8849844,0.5083603,-0.5035719,0.4951968,0.4927122,
1,1,1.107,-0.2481401,0.03935257,-0.8849838,0.508357,-0.5035747,0.4951988,0.4927107,
1,1,1.109,-0.2481401,0.03935257,-0.8849838,0.508357,-0.5035747,0.4951988,0.4927107,
1,1,1.111,-0.2481401,0.03935257,-0.8849838,0.508357,-0.5035747,0.4951988,0.4927107,
1,1,1.113,-0.2481536,0.03934973,-0.8849816,0.5083567,-0.5035748,0.4952082,0.4927014,
1,1,1.115,-0.2481536,0.03934973,-0.8849816,0.5083567,-0.5035748,0.4952082,0.4927014,
1,1,1.117,-0.2481536,0.03934973,-0.8849816,0.5083567,-0.5035748,0.4952082,0.4927014,
1,1,1.119,-0.2481536,0.03934973,-0.8849816,0.5083567,-0.5035748,0.4952082,0.4927014,
1,1,1.121,-0.2481416,0.03935996,-0.8849731,0.5083495,-0.5035412,0.4952331,0.4927183,
1,1,1.123,-0.2481416,0.03935996,-0.8849731,0.5083495,-0.5035412,0.4952331,0.4927183,
1,1,1.125,-0.2481416,0.03935996,-0.8849731,0.5083495,-0.5035412,0.4952331,0.4927183,
1,1,1.127,-0.2481416,0.03935996,-0.8849731,0.5083495,-0.5035412,0.4952331,0.4927183,
1,1,1.129,-0.2481426,0.03937362,-0.8849766,0.5083467,-0.5035279,0.4952431,0.4927248,
1,1,1.131,-0.2481426,0.03937362,-0.8849766,0.5083467,-0.5035279,0.4952431,0.4927248,
1,1,1.133,-0.2481426,0.03937362,-0.8849766,0.5083467,-0.5035279,0.4952431,0.4927248,
1,1,1.135,-0.2481426,0.03937362,-0.8849766,0.5083467,-0.5035279,0.4952431,0.4927248,
1,1,1.137,-0.2481369,0.03937121,-0.8849775,0.5083529,-0.5035344,0.4952252,0.4927298,
1,1,1.139,-0.2481369,0.03937121,-0.8849775,0.5083529,-0.5035344,0.4952252,0.4927298,
1,1,1.141,-0.2481369,0.03937121,-0.8849775,0.5083529,-0.5035344,0.4952252,0.4927298,
1,1,1.143,-0.2481369,0.03937121,-0.8849775,0.5083529,-0.5035344,0.4952252,0.4927298,
1,1,1.145,-0.2481458,0.03937393,-0.8849733,0.5083389,-0.5035361,0.4952341,0.4927335,
1,1,1.147,-0.2481458,0.03937393,-0.8849733,0.5083389,-0.5035361,0.4952341,0.4927335,
1,1,1.149,-0.2481458,0.03937393,-0.8849733,0.5083389,-0.5035361,0.4952341,0.4927335,
1,1,1.151,-0.2481458,0.03937393,-0.8849733,0.5083389,-0.5035361,0.4952341,0.4927335,
1,1,1.153,-0.2481496,0.03937066,-0.8849732,0.5083368,-0.5035408,0.4952333,0.4927318,
1,1,1.155,-0.2481496,0.03937066,-0.8849732,0.5083368,-0.5035408,0.4952333,0.4927318,
1,1,1.157,-0.2481496,0.03937066,-0.8849732,0.5083368,-0.5035408,0.4952333,0.4927318,
1,1,1.159,-0.2481496,0.03937066,-0.8849732,0.5083368,-0.5035408,0.4952333,0.4927318,
1,1,1.161,-0.2481553,0.03936281,-0.8849866,0.5083413,-0.5035627,0.495183,0.4927551,
1,1,1.163,-0.2481553,0.03936281,-0.8849866,0.5083413,-0.5035627,0.495183,0.4927551,
1,1,1.165,-0.2481553,0.03936281,-0.8849866,0.5083413,-0.5035627,0.495183,0.4927551,
1,1,1.167,-0.2481553,0.03936281,-0.8849866,0.5083413,-0.5035627,0.495183,0.4927551,
1,1,1.169,-0.2481546,0.03937023,-0.8849729,0.5083403,-0.5035437,0.495211,0.4927474,
1,1,1.171,-0.2481546,0.03937023,-0.8849729,0.5083403,-0.5035437,0.495211,0.4927474,
1,1,1.173,-0.2481546,0.03937023,-0.8849729,0.5083403,-0.5035437,0.495211,0.4927474,
1,1,1.175,-0.2481546,0.03937023,-0.8849729,0.5083403,-0.5035437,0.495211,0.4927474,
1,1,1.177,-0.2481559,0.03936943,-0.8849747,0.5083346,-0.5035541,0.4952261,0.4927275,
1,1,1.179,-0.2481559,0.03936943,-0.8849747,0.5083346,-0.5035541,0.4952261,0.4927275,
1,1,1.181,-0.2481559,0.03936943,-0.8849747,0.5083346,-0.5035541,0.4952261,0.4927275,CourtEnter
1,1,1.183,-0.2481559,0.03936943,-0.8849747,0.5083346,-0.5035541,0.4952261,0.4927275,
1,1,1.185,-0.2481633,0.03937197,-0.8849798,0.5083296,-0.5035443,0.4952424,0.4927262,
1,1,1.187,-0.2481633,0.03937197,-0.8849798,0.5083296,-0.5035443,0.4952424,0.4927262,
1,1,1.189,-0.2481633,0.03937197,-0.8849798,0.5083296,-0.5035443,0.4952424,0.4927262,CourtExit
1,1,1.191,-0.2481633,0.03937197,-0.8849798,0.5083296,-0.5035443,0.4952424,0.4927262,
1,1,1.193,-0.2481633,0.03937197,-0.8849798,0.5083296,-0.5035443,0.4952424,0.4927262,
1,1,1.195,-0.2481585,0.03937784,-0.8849767,0.5083291,-0.5035557,0.4952384,0.4927191,
1,1,1.197,-0.2481585,0.03937784,-0.8849767,0.5083291,-0.5035557,0.4952384,0.4927191,
1,1,1.199,-0.2481585,0.03937784,-0.8849767,0.5083291,-0.5035557,0.4952384,0.4927191,
1,1,1.201,-0.2481585,0.03937784,-0.8849767,0.5083291,-0.5035557,0.4952384,0.4927191,
1,1,1.203,-0.2481526,0.03937569,-0.8849719,0.5083317,-0.5035471,0.4952438,0.4927199,
1,1,1.205,-0.2481526,0.03937569,-0.8849719,0.5083317,-0.5035471,0.4952438,0.4927199,
1,1,1.207,-0.2481526,0.03937569,-0.8849719,0.5083317,-0.5035471,0.4952438,0.4927199,
1,1,1.209,-0.2481526,0.03937569,-0.8849719,0.5083317,-0.5035471,0.4952438,0.4927199,
1,1,1.211,-0.2481517,0.03936021,-0.8849731,0.5083368,-0.5035541,0.4952318,0.4927196,
1,1,1.213,-0.2481517,0.03936021,-0.8849731,0.5083368,-0.5035541,0.4952318,0.4927196,
1,1,1.215,-0.2481517,0.03936021,-0.8849731,0.5083368,-0.5035541,0.4952318,0.4927196,
1,1,1.217,-0.2481517,0.03936021,-0.8849731,0.5083368,-0.5035541,0.4952318,0.4927196,
1,1,1.219,-0.2481475,0.03936173,-0.8849753,0.5083452,-0.5035543,0.4952277,0.4927147,
1,1,1.221,-0.2481475,0.03936173,-0.8849753,0.5083452,-0.5035543,0.4952277,0.4927147,
1,1,1.223,-0.2481475,0.03936173,-0.8849753,0.5083452,-0.5035543,0.4952277,0.4927147,
1,1,1.225,-0.2481475,0.03936173,-0.8849753,0.5083452,-0.5035543,0.4952277,0.4927147,
1,1,1.227,-0.2481528,0.03935957,-0.8849733,0.5083467,-0.5035568,0.4952277,0.4927105,
1,1,1.229,-0.2481528,0.03935957,-0.8849733,0.5083467,-0.5035568,0.4952277,0.4927105,
1,1,1.231,-0.2481528,0.03935957,-0.8849733,0.5083467,-0.5035568,0.4952277,0.4927105,
1,1,1.233,-0.2481528,0.03935957,-0.8849733,0.5083467,-0.5035568,0.4952277,0.4927105,
1,1,1.235,-0.2481532,0.03935667,-0.8849672,0.5083527,-0.5035551,0.4952164,0.4927175,
1,1,1.237,-0.2481532,0.03935667,-0.8849672,0.5083527,-0.5035551,0.4952164,0.4927175,
1,1,1.239,-0.2481532,0.03935667,-0.8849672,0.5083527,-0.5035551,0.4952164,0.4927175,
1,1,1.241,-0.2481532,0.03935667,-0.8849672,0.5083527,-0.5035551,0.4952164,0.4927175,
1,1,1.243,-0.2481643,0.03935909,-0.8849691,0.5083335,-0.5035641,0.4952227,0.4927219,
1,1,1.245,-0.2481643,0.03935909,-0.8849691,0.5083335,-0.5035641,0.4952227,0.4927219,
1,1,1.247,-0.2481643,0.03935909,-0.8849691,0.5083335,-0.5035641,0.4952227,0.4927219,
1,1,1.249,-0.2481643,0.03935909,-0.8849691,0.5083335,-0.5035641,0.4952227,0.4927219,
1,1,1.251,-0.2481517,0.03935938,-0.8849756,0.508367,-0.5035275,0.4952449,0.4927023,
1,1,1.253,-0.2481517,0.03935938,-0.8849756,0.508367,-0.5035275,0.4952449,0.4927023,
1,1,1.255,-0.2481517,0.03935938,-0.8849756,0.508367,-0.5035275,0.4952449,0.4927023,
1,1,1.257,-0.2481517,0.03935938,-0.8849756,0.508367,-0.5035275,0.4952449,0.4927023,
1,1,1.259,-0.248149,0.03935195,-0.8849776,0.5083709,-0.5035406,0.495233,0.4926969,
1,1,1.261,-0.248149,0.03935195,-0.8849776,0.5083709,-0.5035406,0.495233,0.4926969,
1,1,1.263,-0.248149,0.03935195,-0.8849776,0.5083709,-0.5035406,0.495233,0.4926969,
1,1,1.265,-0.248149,0.03935195,-0.8849776,0.5083709,-0.5035406,0.495233,0.4926969,
1,1,1.267,-0.2481575,0.03935331,-0.884975,0.5083655,-0.5035662,0.4952146,0.4926948,
1,1,1.269,-0.2481575,0.03935331,-0.884975,0.5083655,-0.5035662,0.4952146,0.4926948,
1,1,1.271,-0.2481575,0.03935331,-0.884975,0.5083655,-0.5035662,0.4952146,0.4926948,
1,1,1.273,-0.2481575,0.03935331,-0.884975,0.5083655,-0.5035662,0.4952146,0.4926948,
1,1,1.275,-0.24816,0.03935402,-0.8849761,0.5083592,-0.5035535,0.495231,0.4926977,
1,1,1.277,-0.24816,0.03935402,-0.8849761,0.5083592,-0.5035535,0.495231,0.4926977,
1,1,1.279,-0.24816,0.03935402,-0.8849761,0.5083592,-0.5035535,0.495231,0.4926977,
1,1,1.281,-0.24816,0.03935402,-0.8849761,0.5083592,-0.5035535,0.495231,0.4926977,
1,1,1.283,-0.248156,0.03936072,-0.8849808,0.5083478,-0.5035597,0.4952276,0.4927066,
1,1,1.285,-0.248156,0.03936072,-0.8849808,0.5083478,-0.5035597,0.4952276,0.4927066,
1,1,1.287,-0.248156,0.03936072,-0.8849808,0.5083478,-0.5035597,0.4952276,0.4927066,
1,1,1.289,-0.248156,0.03936072,-0.8849808,0.5083478,-0.5035597,0.4952276,0.4927066,
1,1,1.291,-0.2481604,0.03935754,-0.8849708,0.5083459,-0.5035698,0.4952206,0.4927054,
1,1,1.293,-0.2481604,0.03935754,-0.8849708,0.5083459,-0.5035698,0.4952206,0.4927054,
1,1,1.295,-0.2481604,0.03935754,-0.8849708,0.5083459,-0.5035698,0.4952206,0.4927054,
1,1,1.297,-0.2481604,0.03935754,-0.8849708,0.5083459,-0.5035698,0.4952206,0.4927054,
1,1,1.299,-0.2481574,0.0393589,-0.8849669,0.5083504,-0.5035648,0.4952214,0.492705,
1,1,1.301,-0.2481574,0.0393589,-0.8849669,0.5083504,-0.5035648,0.4952214,0.492705,
1,1,1.303,-0.2481574,0.0393589,-0.8849669,0.5083504,-0.5035648,0.4952214,0.492705,
1,1,1.305,-0.2481574,0.0393589,-0.8849669,0.5083504,-0.5035648,0.4952214,0.492705,
1,1,1.307,-0.2481574,0.0393589,-0.8849669,0.5083504,-0.5035648,0.4952214,0.492705,
1,1,1.309,-0.2481514,0.03935895,-0.8849725,0.5083525,-0.5035463,0.4952298,0.4927135,
1,1,1.311,-0.2481514,0.03935895,-0.8849725,0.5083525,-0.5035463,0.4952298,0.4927135,
1,1,1.313,-0.2481514,0.03935895,-0.8849725,0.5083525,-0.5035463,0.4952298,0.4927135,
1,1,1.315,-0.2481514,0.03935895,-0.8849725,0.5083525,-0.5035463,0.4952298,0.4927135,
1,1,1.317,-0.2481565,0.03935684,-0.8849763,0.5083528,-0.5035635,0.4952188,0.4927065,
1,1,1.319,-0.2481565,0.03935684,-0.8849763,0.5083528,-0.5035635,0.4952188,0.4927065,
1,1,1.321,-0.2481565,0.03935684,-0.8849763,0.5083528,-0.5035635,0.4952188,0.4927065,
1,1,1.323,-0.2481565,0.03935684,-0.8849763,0.5083528,-0.5035635,0.4952188,0.4927065,
1,1,1.325,-0.2481613,0.0393613,-0.8849756,0.5083475,-0.5035651,0.4952234,0.4927056,
1,1,1.327,-0.2481613,0.0393613,-0.8849756,0.5083475,-0.5035651,0.4952234,0.4927056,
1,1,1.329,-0.2481613,0.0393613,-0.8849756,0.5083475,-0.5035651,0.4952234,0.4927056,
1,1,1.331,-0.2481613,0.0393613,-0.8849756,0.5083475,-0.5035651,0.4952234,0.4927056,
1,1,1.333,-0.2481544,0.03936785,-0.884973,0.5083518,-0.5035456,0.4952339,0.4927106,
1,1,1.335,-0.2481544,0.03936785,-0.884973,0.5083518,-0.5035456,0.4952339,0.4927106,
1,1,1.337,-0.2481544,0.03936785,-0.884973,0.5083518,-0.5035456,0.4952339,0.4927106,
1,1,1.339,-0.2481544,0.03936785,-0.884973,0.5083518,-0.5035456,0.4952339,0.4927106,
1,1,1.341,-0.2481496,0.03936316,-0.8849876,0.5083619,-0.5035541,0.4952167,0.4927087,
1,1,1.343,-0.2481496,0.03936316,-0.8849876,0.5083619,-0.5035541,0.4952167,0.4927087,
1,1,1.345,-0.2481496,0.03936316,-0.8849876,0.5083619,-0.5035541,0.4952167,0.4927087,
1,1,1.347,-0.2481496,0.03936316,-0.8849876,0.5083619,-0.5035541,0.4952167,0.4927087,
1,1,1.349,-0.2481545,0.03935617,-0.8849846,0.5083589,-0.503568,0.4952067,0.4927077,
1,1,1.351,-0.2481545,0.03935617,-0.8849846,0.5083589,-0.503568,0.4952067,0.4927077,
1,1,1.353,-0.2481545,0.03935617,-0.8849846,0.5083589,-0.503568,0.4952067,0.4927077,
1,1,1.355,-0.2481545,0.03935617,-0.8849846,0.5083589,-0.503568,0.4952067,0.4927077,
1,1,1.357,-0.2481452,0.03936184,-0.8849776,0.5083593,-0.5035658,0.495208,0.4927082,
1,1,1.359,-0.2481452,0.03936184,-0.8849776,0.5083593,-0.5035658,0.495208,0.4927082,
1,1,1.361,-0.2481452,0.03936184,-0.8849776,0.5083593,-0.5035658,0.495208,0.4927082,
1,1,1.363,-0.2481452,0.03936184,-0.8849776,0.5083593,-0.5035658,0.495208,0.4927082,
1,1,1.365,-0.2481533,0.03937033,-0.8849825,0.508337,-0.5035591,0.4952215,0.4927245,
1,1,1.367,-0.2481533,0.03937033,-0.8849825,0.508337,-0.5035591,0.4952215,0.4927245,
1,1,1.369,-0.2481533,0.03937033,-0.8849825,0.508337,-0.5035591,0.4952215,0.4927245,
1,1,1.371,-0.2481533,0.03937033,-0.8849825,0.508337,-0.5035591,0.4952215,0.4927245,
1,1,1.373,-0.2481574,0.03936652,-0.8849832,0.5083389,-0.5035679,0.4952248,0.4927102,
1,1,1.375,-0.2481574,0.03936652,-0.8849832,0.5083389,-0.5035679,0.4952248,0.4927102,
1,1,1.377,-0.2481574,0.03936652,-0.8849832,0.5083389,-0.5035679,0.4952248,0.4927102,
1,1,1.379,-0.2481574,0.03936652,-0.8849832,0.5083389,-0.5035679,0.4952248,0.4927102,
1,1,1.381,-0.2481576,0.03936894,-0.8849791,0.5083352,-0.5035579,0.4952499,0.4926991,
1,1,1.383,-0.2481576,0.03936894,-0.8849791,0.5083352,-0.5035579,0.4952499,0.4926991,
1,1,1.385,-0.2481576,0.03936894,-0.8849791,0.5083352,-0.5035579,0.4952499,0.4926991,
1,1,1.387,-0.2481576,0.03936894,-0.8849791,0.5083352,-0.5035579,0.4952499,0.4926991,
1,1,1.389,-0.2481554,0.03936734,-0.8849795,0.5083507,-0.5035394,0.4952406,0.4927111,
1,1,1.391,-0.2481554,0.03936734,-0.8849795,0.5083507,-0.5035394,0.4952406,0.4927111,
1,1,1.393,-0.2481554,0.03936734,-0.8849795,0.5083507,-0.5035394,0.4952406,0.4927111,
1,1,1.395,-0.2481554,0.03936734,-0.8849795,0.5083507,-0.5035394,0.4952406,0.4927111,
1,1,1.397,-0.2481483,0.03936356,-0.8849736,0.5083574,-0.5035522,0.4952158,0.4927163,
1,1,1.399,-0.2481483,0.03936356,-0.8849736,0.5083574,-0.5035522,0.4952158,0.4927163,
1,1,1.401,-0.2481483,0.03936356,-0.8849736,0.5083574,-0.5035522,0.4952158,0.4927163,
1,1,1.403,-0.2481483,0.03936356,-0.8849736,0.5083574,-0.5035522,0.4952158,0.4927163,
1,1,1.405,-0.2481432,0.03935602,-0.8849685,0.508367,-0.5035614,0.4951971,0.4927157,
1,1,1.407,-0.2481432,0.03935602,-0.8849685,0.508367,-0.5035614,0.4951971,0.4927157,
1,1,1.409,-0.2481432,0.03935602,-0.8849685,0.508367,-0.5035614,0.4951971,0.4927157,
1,1,1.411,-0.2481432,0.03935602,-0.8849685,0.508367,-0.5035614,0.4951971,0.4927157,
1,1,1.413,-0.2481449,0.03935438,-0.8849734,0.5083671,-0.503557,0.4952056,0.4927116,
1,1,1.415,-0.2481449,0.03935438,-0.8849734,0.5083671,-0.503557,0.4952056,0.4927116,
1,1,1.417,-0.2481449,0.03935438,-0.8849734,0.5083671,-0.503557,0.4952056,0.4927116,
1,1,1.419,-0.2481449,0.03935438,-0.8849734,0.5083671,-0.503557,0.4952056,0.4927116,
1,1,1.421,-0.2481454,0.03936253,-0.8849776,0.5083493,-0.5035487,0.4952246,0.4927193,
1,1,1.423,-0.2481454,0.03936253,-0.8849776,0.5083493,-0.5035487,0.4952246,0.4927193,
1,1,1.425,-0.2481454,0.03936253,-0.8849776,0.5083493,-0.5035487,0.4952246,0.4927193,
1,1,1.427,-0.2481454,0.03936253,-0.8849776,0.5083493,-0.5035487,0.4952246,0.4927193,
1,1,1.429,-0.2481542,0.03936717,-0.8849701,0.5083336,-0.5035545,0.4952332,0.492721,
1,1,1.431,-0.2481542,0.03936717,-0.8849701,0.5083336,-0.5035545,0.4952332,0.492721,
1,1,1.433,-0.2481542,0.03936717,-0.8849701,0.5083336,-0.5035545,0.4952332,0.492721,
1,1,1.435,-0.2481542,0.03936717,-0.8849701,0.5083336,-0.5035545,0.4952332,0.492721,
1,1,1.437,-0.2481485,0.03936116,-0.8849736,0.5083447,-0.5035578,0.4952261,0.4927133,
1,1,1.439,-0.2481485,0.03936116,-0.8849736,0.5083447,-0.5035578,0.4952261,0.4927133,
1,1,1.441,-0.2481485,0.03936116,-0.8849736,0.5083447,-0.5035578,0.4952261,0.4927133,
1,1,1.443,-0.2481485,0.03936116,-0.8849736,0.5083447,-0.5035578,0.4952261,0.4927133,
1,1,1.445,-0.2481454,0.039355,-0.884975,0.5083685,-0.5035552,0.4952171,0.4927003,
1,1,1.447,-0.2481454,0.039355,-0.884975,0.5083685,-0.5035552,0.4952171,0.4927003,
1,1,1.449,-0.2481454,0.039355,-0.884975,0.5083685,-0.5035552,0.4952171,0.4927003,
1,1,1.451,-0.2481454,0.039355,-0.884975,0.5083685,-0.5035552,0.4952171,0.4927003,
1,1,1.453,-0.2481491,0.03934858,-0.8849765,0.5083751,-0.5035658,0.4951938,0.4927061,
1,1,1.455,-0.2481491,0.03934858,-0.8849765,0.5083751,-0.5035658,0.4951938,0.4927061,
1,1,1.457,-0.2481491,0.03934858,-0.8849765,0.5083751,-0.5035658,0.4951938,0.4927061,
1,1,1.459,-0.2481491,0.03934858,-0.8849765,0.5083751,-0.5035658,0.4951938,0.4927061,
1,1,1.461,-0.2481511,0.03934754,-0.8849775,0.5083751,-0.5035658,0.4951938,0.4927061,
1,1,1.463,-0.2481511,0.03934754,-0.8849775,0.5083751,-0.5035658,0.4951938,0.4927061,
1,1,1.465,-0.2481511,0.03934754,-0.8849775,0.5083751,-0.5035658,0.4951938,0.4927061,
1,1,1.467,-0.2481511,0.03934754,-0.8849775,0.5083751,-0.5035658,0.4951938,0.4927061,
1,1,1.469,-0.2481447,0.03935375,-0.8849801,0.5083674,-0.5035485,0.4952235,0.4927022,
1,1,1.471,-0.2481447,0.03935375,-0.8849801,0.5083674,-0.5035485,0.4952235,0.4927022,
1,1,1.473,-0.2481447,0.03935375,-0.8849801,0.5083674,-0.5035485,0.4952235,0.4927022,
1,1,1.475,-0.2481447,0.03935375,-0.8849801,0.5083674,-0.5035485,0.4952235,0.4927022,
1,1,1.477,-0.2481532,0.03937367,-0.8849765,0.5083352,-0.5035452,0.4952371,0.4927248,
1,1,1.479,-0.2481532,0.03937367,-0.8849765,0.5083352,-0.5035452,0.4952371,0.4927248,
1,1,1.481,-0.2481532,0.03937367,-0.8849765,0.5083352,-0.5035452,0.4952371,0.4927248,
1,1,1.483,-0.2481532,0.03937367,-0.8849765,0.5083352,-0.5035452,0.4952371,0.4927248,
1,1,1.485,-0.2481544,0.03937674,-0.8849765,0.5083352,-0.5035452,0.4952371,0.4927248,
1,1,1.487,-0.2481544,0.03937674,-0.8849765,0.5083352,-0.5035452,0.4952371,0.4927248,
1,1,1.489,-0.2481544,0.03937674,-0.8849765,0.5083352,-0.5035452,0.4952371,0.4927248,
1,1,1.491,-0.2481544,0.03937674,-0.8849765,0.5083352,-0.5035452,0.4952371,0.4927248,
1,1,1.493,-0.2481393,0.03936421,-0.8849696,0.5083508,-0.5035468,0.49521,0.4927344,
1,1,1.495,-0.2481393,0.03936421,-0.8849696,0.5083508,-0.5035468,0.49521,0.4927344,
1,1,1.497,-0.2481393,0.03936421,-0.8849696,0.5083508,-0.5035468,0.49521,0.4927344,
1,1,1.499,-0.2481393,0.03936421,-0.8849696,0.5083508,-0.5035468,0.49521,0.4927344,
1,1,1.501,-0.248145,0.03936335,-0.8849695,0.5083529,-0.5035462,0.4952127,0.4927302,
1,1,1.503,-0.248145,0.03936335,-0.8849695,0.5083529,-0.5035462,0.4952127,0.4927302,
1,1,1.505,-0.248145,0.03936335,-0.8849695,0.5083529,-0.5035462,0.4952127,0.4927302,
1,1,1.507,-0.248145,0.03936335,-0.8849695,0.5083529,-0.5035462,0.4952127,0.4927302,
1,1,1.509,-0.2481479,0.03935261,-0.8849805,0.5083435,-0.503553,0.4952274,0.4927181,
1,1,1.511,-0.2481479,0.03935261,-0.8849805,0.5083435,-0.503553,0.4952274,0.4927181,
1,1,1.513,-0.2481479,0.03935261,-0.8849805,0.5083435,-0.503553,0.4952274,0.4927181,
1,1,1.515,-0.2481479,0.03935261,-0.8849805,0.5083435,-0.503553,0.4952274,0.4927181,
1,1,1.517,-0.2481577,0.03935972,-0.8849742,0.5083467,-0.503557,0.4952284,0.4927096,
1,1,1.519,-0.2481577,0.03935972,-0.8849742,0.5083467,-0.503557,0.4952284,0.4927096,
1,1,1.521,-0.2481577,0.03935972,-0.8849742,0.5083467,-0.503557,0.4952284,0.4927096,
1,1,1.523,-0.2481577,0.03935972,-0.8849742,0.5083467,-0.503557,0.4952284,0.4927096,
1,1,1.525,-0.2481579,0.03935913,-0.8849709,0.5083599,-0.5035574,0.4952242,0.4926999,
1,1,1.527,-0.2481579,0.03935913,-0.8849709,0.5083599,-0.5035574,0.4952242,0.4926999,
1,1,1.529,-0.2481579,0.03935913,-0.8849709,0.5083599,-0.5035574,0.4952242,0.4926999,
1,1,1.531,-0.2481579,0.03935913,-0.8849709,0.5083599,-0.5035574,0.4952242,0.4926999,
1,1,1.533,-0.2481579,0.03935913,-0.8849709,0.5083599,-0.5035574,0.4952242,0.4926999,
1,1,1.535,-0.2481526,0.0393555,-0.8849614,0.5083674,-0.5035462,0.4952289,0.4926988,
1,1,1.537,-0.2481526,0.0393555,-0.8849614,0.5083674,-0.5035462,0.4952289,0.4926988,
1,1,1.539,-0.2481526,0.0393555,-0.8849614,0.5083674,-0.5035462,0.4952289,0.4926988,
1,1,1.541,-0.2481526,0.0393555,-0.8849614,0.5083674,-0.5035462,0.4952289,0.4926988,
1,1,1.543,-0.2481504,0.03936617,-0.8849699,0.5083509,-0.5035545,0.4952228,0.4927135,
1,1,1.545,-0.2481504,0.03936617,-0.8849699,0.5083509,-0.5035545,0.4952228,0.4927135,
1,1,1.547,-0.2481504,0.03936617,-0.8849699,0.5083509,-0.5035545,0.4952228,0.4927135,
1,1,1.549,-0.2481504,0.03936617,-0.8849699,0.5083509,-0.5035545,0.4952228,0.4927135,
1,1,1.551,-0.2481508,0.03936864,-0.8849734,0.5083562,-0.5035492,0.4952302,0.4927063,
1,1,1.553,-0.2481508,0.03936864,-0.8849734,0.5083562,-0.5035492,0.4952302,0.4927063,
1,1,1.555,-0.2481508,0.03936864,-0.8849734,0.5083562,-0.5035492,0.4952302,0.4927063,
1,1,1.557,-0.2481508,0.03936864,-0.8849734,0.5083562,-0.5035492,0.4952302,0.4927063,
1,1,1.559,-0.2481606,0.03936586,-0.8849704,0.5083427,-0.5035585,0.4952322,0.4927085,
1,1,1.561,-0.2481606,0.03936586,-0.8849704,0.5083427,-0.5035585,0.4952322,0.4927085,
1,1,1.563,-0.2481606,0.03936586,-0.8849704,0.5083427,-0.5035585,0.4952322,0.4927085,
1,1,1.565,-0.2481606,0.03936586,-0.8849704,0.5083427,-0.5035585,0.4952322,0.4927085,
1,1,1.567,-0.2481534,0.03936933,-0.884977,0.5083466,-0.5035527,0.4952266,0.4927159,
1,1,1.569,-0.2481534,0.03936933,-0.884977,0.5083466,-0.5035527,0.4952266,0.4927159,
1,1,1.571,-0.2481534,0.03936933,-0.884977,0.5083466,-0.5035527,0.4952266,0.4927159,
1,1,1.573,-0.2481534,0.03936933,-0.884977,0.5083466,-0.5035527,0.4952266,0.4927159,
1,1,1.575,-0.2481499,0.03936769,-0.8849732,0.5083492,-0.5035356,0.4952437,0.4927138,
1,1,1.577,-0.2481499,0.03936769,-0.8849732,0.5083492,-0.5035356,0.4952437,0.4927138,
1,1,1.579,-0.2481499,0.03936769,-0.8849732,0.5083492,-0.5035356,0.4952437,0.4927138,
1,1,1.581,-0.2481499,0.03936769,-0.8849732,0.5083492,-0.5035356,0.4952437,0.4927138,
1,1,1.583,-0.2481584,0.03936336,-0.8849844,0.5083448,-0.5035425,0.4952286,0.4927264,
1,1,1.585,-0.2481584,0.03936336,-0.8849844,0.5083448,-0.5035425,0.4952286,0.4927264,
1,1,1.587,-0.2481584,0.03936336,-0.8849844,0.5083448,-0.5035425,0.4952286,0.4927264,
1,1,1.589,-0.2481584,0.03936336,-0.8849844,0.5083448,-0.5035425,0.4952286,0.4927264,
1,1,1.591,-0.2481569,0.03936043,-0.8849747,0.508345,-0.503548,0.4952301,0.492719,
1,1,1.593,-0.2481569,0.03936043,-0.8849747,0.508345,-0.503548,0.4952301,0.492719,
1,1,1.595,-0.2481569,0.03936043,-0.8849747,0.508345,-0.503548,0.4952301,0.492719,
1,1,1.597,-0.2481569,0.03936043,-0.8849747,0.508345,-0.503548,0.4952301,0.492719,
1,1,1.599,-0.2481604,0.0393647,-0.8849735,0.5083598,-0.5035442,0.4952383,0.4926994,
1,1,1.601,-0.2481604,0.0393647,-0.8849735,0.5083598,-0.5035442,0.4952383,0.4926994,
1,1,1.603,-0.2481604,0.0393647,-0.8849735,0.5083598,-0.5035442,0.4952383,0.4926994,
1,1,1.605,-0.2481604,0.0393647,-0.8849735,0.5083598,-0.5035442,0.4952383,0.4926994,
1,1,1.607,-0.2481604,0.0393647,-0.8849735,0.5083598,-0.5035442,0.4952383,0.4926994,
1,1,1.609,-0.2481505,0.03934716,-0.884969,0.5083626,-0.5035538,0.4952177,0.4927074,
1,1,1.611,-0.2481505,0.03934716,-0.884969,0.5083626,-0.5035538,0.4952177,0.4927074,
1,1,1.613,-0.2481505,0.03934716,-0.884969,0.5083626,-0.5035538,0.4952177,0.4927074,
1,1,1.615,-0.2481505,0.03934716,-0.884969,0.5083626,-0.5035538,0.4952177,0.4927074,
1,1,1.617,-0.2481522,0.03935524,-0.884977,0.5083499,-0.5035535,0.4952248,0.4927137,
1,1,1.619,-0.2481522,0.03935524,-0.884977,0.5083499,-0.5035535,0.4952248,0.4927137,
1,1,1.621,-0.2481522,0.03935524,-0.884977,0.5083499,-0.5035535,0.4952248,0.4927137,
1,1,1.623,-0.2481522,0.03935524,-0.884977,0.5083499,-0.5035535,0.4952248,0.4927137,
1,1,1.625,-0.2481542,0.03935759,-0.8849767,0.5083491,-0.5035508,0.4952296,0.4927124,
1,1,1.627,-0.2481542,0.03935759,-0.8849767,0.5083491,-0.5035508,0.4952296,0.4927124,
1,1,1.629,-0.2481542,0.03935759,-0.8849767,0.5083491,-0.5035508,0.4952296,0.4927124,
1,1,1.631,-0.2481542,0.03935759,-0.8849767,0.5083491,-0.5035508,0.4952296,0.4927124,
1,1,1.633,-0.2481576,0.03936231,-0.8849724,0.5083404,-0.5035544,0.4952369,0.4927104,
1,1,1.635,-0.2481576,0.03936231,-0.8849724,0.5083404,-0.5035544,0.4952369,0.4927104,
1,1,1.637,-0.2481576,0.03936231,-0.8849724,0.5083404,-0.5035544,0.4952369,0.4927104,
1,1,1.639,-0.2481576,0.03936231,-0.8849724,0.5083404,-0.5035544,0.4952369,0.4927104,
1,1,1.641,-0.2481629,0.03936654,-0.8849732,0.5083314,-0.5035545,0.4952432,0.4927131,
1,1,1.643,-0.2481629,0.03936654,-0.8849732,0.5083314,-0.5035545,0.4952432,0.4927131,
1,1,1.645,-0.2481629,0.03936654,-0.8849732,0.5083314,-0.5035545,0.4952432,0.4927131,
1,1,1.647,-0.2481629,0.03936654,-0.8849732,0.5083314,-0.5035545,0.4952432,0.4927131,
1,1,1.649,-0.248165,0.03936463,-0.8849763,0.5083543,-0.5035382,0.4952452,0.4927042,
1,1,1.651,-0.248165,0.03936463,-0.8849763,0.5083543,-0.5035382,0.4952452,0.4927042,
1,1,1.653,-0.248165,0.03936463,-0.8849763,0.5083543,-0.5035382,0.4952452,0.4927042,
1,1,1.655,-0.248165,0.03936463,-0.8849763,0.5083543,-0.5035382,0.4952452,0.4927042,
1,1,1.657,-0.2481606,0.03935867,-0.8849759,0.5083606,-0.5035484,0.4952255,0.492707,
1,1,1.659,-0.2481606,0.03935867,-0.8849759,0.5083606,-0.5035484,0.4952255,0.492707,
1,1,1.661,-0.2481606,0.03935867,-0.8849759,0.5083606,-0.5035484,0.4952255,0.492707,
1,1,1.663,-0.2481606,0.03935867,-0.8849759,0.5083606,-0.5035484,0.4952255,0.492707,
1,1,1.665,-0.2481495,0.03936053,-0.8849714,0.5083578,-0.5035426,0.4952285,0.4927129,
1,1,1.667,-0.2481495,0.03936053,-0.8849714,0.5083578,-0.5035426,0.4952285,0.4927129,
1,1,1.669,-0.2481495,0.03936053,-0.8849714,0.5083578,-0.5035426,0.4952285,0.4927129,
1,1,1.671,-0.2481495,0.03936053,-0.8849714,0.5083578,-0.5035426,0.4952285,0.4927129,
1,1,1.673,-0.2481599,0.03935888,-0.8849794,0.5083674,-0.5035699,0.4952093,0.4926945,
1,1,1.675,-0.2481599,0.03935888,-0.8849794,0.5083674,-0.5035699,0.4952093,0.4926945,
1,1,1.677,-0.2481599,0.03935888,-0.8849794,0.5083674,-0.5035699,0.4952093,0.4926945,
1,1,1.679,-0.2481599,0.03935888,-0.8849794,0.5083674,-0.5035699,0.4952093,0.4926945,
1,1,1.681,-0.2481559,0.03936571,-0.8849723,0.5083604,-0.5035511,0.4952204,0.4927096,
1,1,1.683,-0.2481559,0.03936571,-0.8849723,0.5083604,-0.5035511,0.4952204,0.4927096,
1,1,1.685,-0.2481559,0.03936571,-0.8849723,0.5083604,-0.5035511,0.4952204,0.4927096,
1,1,1.687,-0.2481559,0.03936571,-0.8849723,0.5083604,-0.5035511,0.4952204,0.4927096,
1,1,1.689,-0.2481586,0.03936601,-0.884974,0.5083469,-0.5035574,0.4952216,0.4927161,
1,1,1.691,-0.2481586,0.03936601,-0.884974,0.5083469,-0.5035574,0.4952216,0.4927161,
1,1,1.693,-0.2481586,0.03936601,-0.884974,0.5083469,-0.5035574,0.4952216,0.4927161,
1,1,1.695,-0.2481586,0.03936601,-0.884974,0.5083469,-0.5035574,0.4952216,0.4927161,
1,1,1.697,-0.2481586,0.03936601,-0.884974,0.5083469,-0.5035574,0.4952216,0.4927161,
1,1,1.699,-0.2481557,0.03935842,-0.8849715,0.5083555,-0.5035696,0.4952046,0.4927118,
1,1,1.701,-0.2481557,0.03935842,-0.8849715,0.5083555,-0.5035696,0.4952046,0.4927118,
1,1,1.703,-0.2481557,0.03935842,-0.8849715,0.5083555,-0.5035696,0.4952046,0.4927118,
1,1,1.705,-0.2481557,0.03935842,-0.8849715,0.5083555,-0.5035696,0.4952046,0.4927118,
1,1,1.707,-0.248156,0.03935742,-0.8849659,0.5083644,-0.5035545,0.4952171,0.4927054,
1,1,1.709,-0.248156,0.03935742,-0.8849659,0.5083644,-0.5035545,0.4952171,0.4927054,
1,1,1.711,-0.248156,0.03935742,-0.8849659,0.5083644,-0.5035545,0.4952171,0.4927054,
1,1,1.713,-0.248156,0.03935742,-0.8849659,0.5083644,-0.5035545,0.4952171,0.4927054,
1,1,1.715,-0.2481548,0.03936128,-0.8849771,0.508364,-0.5035579,0.4952106,0.4927089,
1,1,1.717,-0.2481548,0.03936128,-0.8849771,0.508364,-0.5035579,0.4952106,0.4927089,
1,1,1.719,-0.2481548,0.03936128,-0.8849771,0.508364,-0.5035579,0.4952106,0.4927089,
1,1,1.721,-0.2481548,0.03936128,-0.8849771,0.508364,-0.5035579,0.4952106,0.4927089,
1,1,1.723,-0.2481451,0.03935652,-0.8849731,0.5083677,-0.5035411,0.4952193,0.4927137,
1,1,1.725,-0.2481451,0.03935652,-0.8849731,0.5083677,-0.5035411,0.4952193,0.4927137,
1,1,1.727,-0.2481451,0.03935652,-0.8849731,0.5083677,-0.5035411,0.4952193,0.4927137,
1,1,1.729,-0.2481451,0.03935652,-0.8849731,0.5083677,-0.5035411,0.4952193,0.4927137,
1,1,1.731,-0.248149,0.03936491,-0.8849695,0.5083517,-0.5035365,0.4952278,0.4927262,
1,1,1.733,-0.248149,0.03936491,-0.8849695,0.5083517,-0.5035365,0.4952278,0.4927262,
1,1,1.735,-0.248149,0.03936491,-0.8849695,0.5083517,-0.5035365,0.4952278,0.4927262,
1,1,1.737,-0.248149,0.03936491,-0.8849695,0.5083517,-0.5035365,0.4952278,0.4927262,
1,1,1.739,-0.2481548,0.03934604,-0.8849874,0.508349,-0.5035584,0.4951749,0.4927598,
1,1,1.741,-0.2481548,0.03934604,-0.8849874,0.508349,-0.5035584,0.4951749,0.4927598,
1,1,1.743,-0.2481548,0.03934604,-0.8849874,0.508349,-0.5035584,0.4951749,0.4927598,
1,1,1.745,-0.2481548,0.03934604,-0.8849874,0.508349,-0.5035584,0.4951749,0.4927598,
1,1,1.747,-0.2481465,0.03935321,-0.8849811,0.5083578,-0.5035498,0.4951977,0.4927364,
1,1,1.749,-0.2481465,0.03935321,-0.8849811,0.5083578,-0.5035498,0.4951977,0.4927364,
1,1,1.751,-0.2481465,0.03935321,-0.8849811,0.5083578,-0.5035498,0.4951977,0.4927364,
1,1,1.753,-0.2481465,0.03935321,-0.8849811,0.5083578,-0.5035498,0.4951977,0.4927364,
1,1,1.755,-0.2481377,0.03935138,-0.8849803,0.5083802,-0.5035467,0.4952055,0.4927085,
1,1,1.757,-0.2481377,0.03935138,-0.8849803,0.5083802,-0.5035467,0.4952055,0.4927085,
1,1,1.759,-0.2481377,0.03935138,-0.8849803,0.5083802,-0.5035467,0.4952055,0.4927085,
1,1,1.761,-0.2481377,0.03935138,-0.8849803,0.5083802,-0.5035467,0.4952055,0.4927085,
1,1,1.763,-0.2481483,0.03935972,-0.8849763,0.5083719,-0.5035357,0.49523,0.4927039,
1,1,1.765,-0.2481483,0.03935972,-0.8849763,0.5083719,-0.5035357,0.49523,0.4927039,
1,1,1.767,-0.2481483,0.03935972,-0.8849763,0.5083719,-0.5035357,0.49523,0.4927039,
1,1,1.769,-0.2481483,0.03935972,-0.8849763,0.5083719,-0.5035357,0.49523,0.4927039,
1,1,1.771,-0.2481534,0.03936732,-0.8849669,0.5083504,-0.503541,0.4952373,0.4927134,
1,1,1.773,-0.2481534,0.03936732,-0.8849669,0.5083504,-0.503541,0.4952373,0.4927134,
1,1,1.775,-0.2481534,0.03936732,-0.8849669,0.5083504,-0.503541,0.4952373,0.4927134,
1,1,1.777,-0.2481534,0.03936732,-0.8849669,0.5083504,-0.503541,0.4952373,0.4927134,
1,1,1.779,-0.2481532,0.03935759,-0.8849705,0.5083531,-0.5035467,0.4952374,0.4927047,
1,1,1.781,-0.2481532,0.03935759,-0.8849705,0.5083531,-0.5035467,0.4952374,0.4927047,
1,1,1.783,-0.2481532,0.03935759,-0.8849705,0.5083531,-0.5035467,0.4952374,0.4927047,
1,1,1.785,-0.2481532,0.03935759,-0.8849705,0.5083531,-0.5035467,0.4952374,0.4927047,
1,1,1.787,-0.2481532,0.03935759,-0.8849705,0.5083531,-0.5035467,0.4952374,0.4927047,
1,1,1.789,-0.2481523,0.03936034,-0.8849745,0.5083642,-0.5035431,0.4952302,0.4927041,
1,1,1.791,-0.2481523,0.03936034,-0.8849745,0.5083642,-0.5035431,0.4952302,0.4927041,
1,1,1.793,-0.2481523,0.03936034,-0.8849745,0.5083642,-0.5035431,0.4952302,0.4927041,
1,1,1.795,-0.2481523,0.03936034,-0.8849745,0.5083642,-0.5035431,0.4952302,0.4927041,
1,1,1.797,-0.2481546,0.03936322,-0.8849742,0.5083573,-0.5035505,0.4952256,0.4927083,
1,1,1.799,-0.2481546,0.03936322,-0.8849742,0.5083573,-0.5035505,0.4952256,0.4927083,
1,1,1.801,-0.2481546,0.03936322,-0.8849742,0.5083573,-0.5035505,0.4952256,0.4927083,
1,1,1.803,-0.2481546,0.03936322,-0.8849742,0.5083573,-0.5035505,0.4952256,0.4927083,
1,1,1.805,-0.2481557,0.03936134,-0.8849748,0.5083522,-0.5035563,0.4952174,0.492716,
1,1,1.807,-0.2481557,0.03936134,-0.8849748,0.5083522,-0.5035563,0.4952174,0.492716,
1,1,1.809,-0.2481557,0.03936134,-0.8849748,0.5083522,-0.5035563,0.4952174,0.492716,
1,1,1.811,-0.2481557,0.03936134,-0.8849748,0.5083522,-0.5035563,0.4952174,0.492716,
1,1,1.813,-0.2481475,0.03936756,-0.8849715,0.5083505,-0.5035301,0.4952399,0.4927217,
1,1,1.815,-0.2481475,0.03936756,-0.8849715,0.5083505,-0.5035301,0.4952399,0.4927217,
1,1,1.817,-0.2481475,0.03936756,-0.8849715,0.5083505,-0.5035301,0.4952399,0.4927217,
1,1,1.819,-0.2481475,0.03936756,-0.8849715,0.5083505,-0.5035301,0.4952399,0.4927217,
1,1,1.821,-0.2481496,0.03935914,-0.8849704,0.5083581,-0.503547,0.495228,0.4927086,
1,1,1.823,-0.2481496,0.03935914,-0.8849704,0.5083581,-0.503547,0.495228,0.4927086,
1,1,1.825,-0.2481496,0.03935914,-0.8849704,0.5083581,-0.503547,0.495228,0.4927086,
1,1,1.827,-0.2481496,0.03935914,-0.8849704,0.5083581,-0.503547,0.495228,0.4927086,
1,1,1.829,-0.2481487,0.03935828,-0.8849694,0.5083581,-0.503547,0.495228,0.4927086,
1,1,1.831,-0.2481487,0.03935828,-0.8849694,0.5083581,-0.503547,0.495228,0.4927086,
1,1,1.833,-0.2481487,0.03935828,-0.8849694,0.5083581,-0.503547,0.495228,0.4927086,
1,1,1.835,-0.2481487,0.03935828,-0.8849694,0.5083581,-0.503547,0.495228,0.4927086,
1,1,1.837,-0.2481595,0.03935419,-0.8849766,0.5083586,-0.5035646,0.4952187,0.4926994,
1,1,1.839,-0.2481595,0.03935419,-0.8849766,0.5083586,-0.5035646,0.4952187,0.4926994,
1,1,1.841,-0.2481595,0.03935419,-0.8849766,0.5083586,-0.5035646,0.4952187,0.4926994,
1,1,1.843,-0.2481595,0.03935419,-0.8849766,0.5083586,-0.5035646,0.4952187,0.4926994,
1,1,1.845,-0.2481567,0.03936505,-0.8849761,0.5083463,-0.5035699,0.4952189,0.4927066,
1,1,1.847,-0.2481567,0.03936505,-0.8849761,0.5083463,-0.5035699,0.4952189,0.4927066,
1,1,1.849,-0.2481567,0.03936505,-0.8849761,0.5083463,-0.5035699,0.4952189,0.4927066,
1,1,1.851,-0.2481567,0.03936505,-0.8849761,0.5083463,-0.5035699,0.4952189,0.4927066,
1,1,1.853,-0.2481419,0.03935587,-0.8849756,0.5083521,-0.5035623,0.4952156,0.4927117,
1,1,1.855,-0.2481419,0.03935587,-0.8849756,0.5083521,-0.5035623,0.4952156,0.4927117,
1,1,1.857,-0.2481419,0.03935587,-0.8849756,0.5083521,-0.5035623,0.4952156,0.4927117,
1,1,1.859,-0.2481419,0.03935587,-0.8849756,0.5083521,-0.5035623,0.4952156,0.4927117,
1,1,1.861,-0.248149,0.03935532,-0.8849729,0.5083615,-0.5035577,0.4952157,0.4927065,
1,1,1.863,-0.248149,0.03935532,-0.8849729,0.5083615,-0.5035577,0.4952157,0.4927065,
1,1,1.865,-0.248149,0.03935532,-0.8849729,0.5083615,-0.5035577,0.4952157,0.4927065,
1,1,1.867,-0.248149,0.03935532,-0.8849729,0.5083615,-0.5035577,0.4952157,0.4927065,
1,1,1.869,-0.2481471,0.0393546,-0.8849726,0.5083506,-0.503558,0.4952203,0.4927127,
1,1,1.871,-0.2481471,0.0393546,-0.8849726,0.5083506,-0.503558,0.4952203,0.4927127,
1,1,1.873,-0.2481471,0.0393546,-0.8849726,0.5083506,-0.503558,0.4952203,0.4927127,
1,1,1.875,-0.2481471,0.0393546,-0.8849726,0.5083506,-0.503558,0.4952203,0.4927127,
1,1,1.877,-0.2481483,0.03935894,-0.8849771,0.5083373,-0.5035625,0.4952182,0.4927239,
1,1,1.879,-0.2481483,0.03935894,-0.8849771,0.5083373,-0.5035625,0.4952182,0.4927239,
1,1,1.881,-0.2481483,0.03935894,-0.8849771,0.5083373,-0.5035625,0.4952182,0.4927239,
1,1,1.883,-0.2481483,0.03935894,-0.8849771,0.5083373,-0.5035625,0.4952182,0.4927239,
1,1,1.885,-0.2481557,0.03937019,-0.8849775,0.5083311,-0.5035436,0.4952339,0.4927341,
1,1,1.887,-0.2481557,0.03937019,-0.8849775,0.5083311,-0.5035436,0.4952339,0.4927341,
1,1,1.889,-0.2481557,0.03937019,-0.8849775,0.5083311,-0.5035436,0.4952339,0.4927341,
1,1,1.891,-0.2481557,0.03937019,-0.8849775,0.5083311,-0.5035436,0.4952339,0.4927341,
1,1,1.893,-0.248149,0.03935882,-0.8849723,0.5083426,-0.503543,0.4952281,0.4927286,
1,1,1.895,-0.248149,0.03935882,-0.8849723,0.5083426,-0.503543,0.4952281,0.4927286,
1,1,1.897,-0.248149,0.03935882,-0.8849723,0.5083426,-0.503543,0.4952281,0.4927286,
1,1,1.899,-0.248149,0.03935882,-0.8849723,0.5083426,-0.503543,0.4952281,0.4927286,
1,1,1.901,-0.2481586,0.03935827,-0.8849805,0.5083367,-0.5035564,0.495228,0.492721,
1,1,1.903,-0.2481586,0.03935827,-0.8849805,0.5083367,-0.5035564,0.495228,0.492721,
1,1,1.905,-0.2481586,0.03935827,-0.8849805,0.5083367,-0.5035564,0.495228,0.492721,
1,1,1.907,-0.2481586,0.03935827,-0.8849805,0.5083367,-0.5035564,0.495228,0.492721,
1,1,1.909,-0.2481579,0.03936146,-0.8849727,0.5083515,-0.5035705,0.495215,0.4927045,
1,1,1.911,-0.2481579,0.03936146,-0.8849727,0.5083515,-0.5035705,0.495215,0.4927045,
1,1,1.913,-0.2481579,0.03936146,-0.8849727,0.5083515,-0.5035705,0.495215,0.4927045,
1,1,1.915,-0.2481579,0.03936146,-0.8849727,0.5083515,-0.5035705,0.495215,0.4927045,
1,1,1.917,-0.2481555,0.03936187,-0.8849728,0.5083491,-0.5035734,0.4952112,0.4927078,
1,1,1.919,-0.2481555,0.03936187,-0.8849728,0.5083491,-0.5035734,0.4952112,0.4927078,
1,1,1.921,-0.2481555,0.03936187,-0.8849728,0.5083491,-0.5035734,0.4952112,0.4927078,
1,1,1.923,-0.2481555,0.03936187,-0.8849728,0.5083491,-0.5035734,0.4952112,0.4927078,
1,1,1.925,-0.248155,0.03935826,-0.8849729,0.5083461,-0.5035535,0.4952264,0.4927159,
1,1,1.927,-0.248155,0.03935826,-0.8849729,0.5083461,-0.5035535,0.4952264,0.4927159,
1,1,1.929,-0.248155,0.03935826,-0.8849729,0.5083461,-0.5035535,0.4952264,0.4927159,
1,1,1.931,-0.248155,0.03935826,-0.8849729,0.5083461,-0.5035535,0.4952264,0.4927159,
1,1,1.933,-0.2481547,0.03936601,-0.8849645,0.5083386,-0.5035397,0.4952419,0.4927222,
1,1,1.935,-0.2481547,0.03936601,-0.8849645,0.5083386,-0.5035397,0.4952419,0.4927222,
1,1,1.937,-0.2481547,0.03936601,-0.8849645,0.5083386,-0.5035397,0.4952419,0.4927222,
1,1,1.939,-0.2481547,0.03936601,-0.8849645,0.5083386,-0.5035397,0.4952419,0.4927222,
1,1,1.941,-0.2481532,0.03936679,-0.8849623,0.5083331,-0.5035335,0.4952431,0.4927331,
1,1,1.943,-0.2481532,0.03936679,-0.8849623,0.5083331,-0.5035335,0.4952431,0.4927331,
1,1,1.945,-0.2481532,0.03936679,-0.8849623,0.5083331,-0.5035335,0.4952431,0.4927331,
1,1,1.947,-0.2481532,0.03936679,-0.8849623,0.5083331,-0.5035335,0.4952431,0.4927331,
1,1,1.949,-0.2481497,0.03937463,-0.8849729,0.508334,-0.5035399,0.4952313,0.4927375,
1,1,1.951,-0.2481497,0.03937463,-0.8849729,0.508334,-0.5035399,0.4952313,0.4927375,
1,1,1.953,-0.2481497,0.03937463,-0.8849729,0.508334,-0.5035399,0.4952313,0.4927375,
1,1,1.955,-0.2481497,0.03937463,-0.8849729,0.508334,-0.5035399,0.4952313,0.4927375,
1,1,1.957,-0.2481487,0.03937815,-0.8849753,0.508334,-0.5035399,0.4952313,0.4927375,
1,1,1.959,-0.2481487,0.03937815,-0.8849753,0.508334,-0.5035399,0.4952313,0.4927375,
1,1,1.961,-0.2481487,0.03937815,-0.8849753,0.508334,-0.5035399,0.4952313,0.4927375,
1,1,1.963,-0.2481487,0.03937815,-0.8849753,0.508334,-0.5035399,0.4952313,0.4927375,
1,1,1.965,-0.24815,0.0393701,-0.8849875,0.5083416,-0.5035564,0.4952239,0.4927203,
1,1,1.967,-0.24815,0.0393701,-0.8849875,0.5083416,-0.5035564,0.4952239,0.4927203,
1,1,1.969,-0.24815,0.0393701,-0.8849875,0.5083416,-0.5035564,0.4952239,0.4927203,
1,1,1.971,-0.24815,0.0393701,-0.8849875,0.5083416,-0.5035564,0.4952239,0.4927203,
1,1,1.973,-0.2481593,0.03936989,-0.884984,0.5083326,-0.5035707,0.4952166,0.4927222,
1,1,1.975,-0.2481593,0.03936989,-0.884984,0.5083326,-0.5035707,0.4952166,0.4927222,
1,1,1.977,-0.2481593,0.03936989,-0.884984,0.5083326,-0.5035707,0.4952166,0.4927222,
1,1,1.979,-0.2481593,0.03936989,-0.884984,0.5083326,-0.5035707,0.4952166,0.4927222,
1,1,1.981,-0.2481668,0.03936886,-0.8849815,0.5083397,-0.5035591,0.4952142,0.492729,
1,1,1.983,-0.2481668,0.03936886,-0.8849815,0.5083397,-0.5035591,0.4952142,0.492729,
1,1,1.985,-0.2481668,0.03936886,-0.8849815,0.5083397,-0.5035591,0.4952142,0.492729,
1,1,1.987,-0.2481668,0.03936886,-0.8849815,0.5083397,-0.5035591,0.4952142,0.492729,
1,1,1.989,-0.2481656,0.03934276,-0.8849822,0.5083473,-0.5035716,0.4951864,0.4927363,
1,1,1.991,-0.2481656,0.03934276,-0.8849822,0.5083473,-0.5035716,0.4951864,0.4927363,
1,1,1.993,-0.2481656,0.03934276,-0.8849822,0.5083473,-0.5035716,0.4951864,0.4927363,
1,1,1.995,-0.2481656,0.03934276,-0.8849822,0.5083473,-0.5035716,0.4951864,0.4927363,
1,1,1.997,-0.2481656,0.03934276,-0.8849822,0.5083473,-0.5035716,0.4951864,0.4927363,
1,1,1.999,-0.2481663,0.03935303,-0.8849814,0.5083423,-0.5035669,0.4952191,0.4927136,
1,1,2.001,-0.2481663,0.03935303,-0.8849814,0.5083423,-0.5035669,0.4952191,0.4927136,
1,1,2.003,-0.2481663,0.03935303,-0.8849814,0.5083423,-0.5035669,0.4952191,0.4927136,
1,1,2.005,-0.2481663,0.03935303,-0.8849814,0.5083423,-0.5035669,0.4952191,0.4927136,
1,1,2.007,-0.2481562,0.0393597,-0.8849826,0.5083531,-0.5035437,0.4952308,0.4927143,
1,1,2.009,-0.2481562,0.0393597,-0.8849826,0.5083531,-0.5035437,0.4952308,0.4927143,
1,1,2.011,-0.2481562,0.0393597,-0.8849826,0.5083531,-0.5035437,0.4952308,0.4927143,
1,1,2.013,-0.2481562,0.0393597,-0.8849826,0.5083531,-0.5035437,0.4952308,0.4927143,
1,1,2.015,-0.2481467,0.0393529,-0.8849815,0.5083527,-0.5035551,0.4952191,0.4927148,
1,1,2.017,-0.2481467,0.0393529,-0.8849815,0.5083527,-0.5035551,0.4952191,0.4927148,
1,1,2.019,-0.2481467,0.0393529,-0.8849815,0.5083527,-0.5035551,0.4952191,0.4927148,
1,1,2.021,-0.2481467,0.0393529,-0.8849815,0.5083527,-0.5035551,0.4952191,0.4927148,
1,1,2.023,-0.2481509,0.03935078,-0.8849764,0.5083576,-0.5035429,0.495223,0.4927183,
1,1,2.025,-0.2481509,0.03935078,-0.8849764,0.5083576,-0.5035429,0.495223,0.4927183,
1,1,2.027,-0.2481509,0.03935078,-0.8849764,0.5083576,-0.5035429,0.495223,0.4927183,
1,1,2.029,-0.2481509,0.03935078,-0.8849764,0.5083576,-0.5035429,0.495223,0.4927183,
1,1,2.031,-0.2481495,0.03935332,-0.8849801,0.508347,-0.5035582,0.4952151,0.4927216,
1,1,2.033,-0.2481495,0.03935332,-0.8849801,0.508347,-0.5035582,0.4952151,0.4927216,
1,1,2.035,-0.2481495,0.03935332,-0.8849801,0.508347,-0.5035582,0.4952151,0.4927216,
1,1,2.037,-0.2481495,0.03935332,-0.8849801,0.508347,-0.5035582,0.4952151,0.4927216,
1,1,2.039,-0.2481531,0.03936309,-0.884976,0.5083343,-0.5035367,0.4952402,0.4927314,
1,1,2.041,-0.2481531,0.03936309,-0.884976,0.5083343,-0.5035367,0.4952402,0.4927314,
1,1,2.043,-0.2481531,0.03936309,-0.884976,0.5083343,-0.5035367,0.4952402,0.4927314,
1,1,2.045,-0.2481531,0.03936309,-0.884976,0.5083343,-0.5035367,0.4952402,0.4927314,
1,1,2.047,-0.2481631,0.03936814,-0.8849763,0.508347,-0.5035351,0.4952327,0.4927275,
1,1,2.049,-0.2481631,0.03936814,-0.8849763,0.508347,-0.5035351,0.4952327,0.4927275,
1,1,2.051,-0.2481631,0.03936814,-0.8849763,0.508347,-0.5035351,0.4952327,0.4927275,
1,1,2.053,-0.2481631,0.03936814,-0.8849763,0.508347,-0.5035351,0.4952327,0.4927275,
1,1,2.055,-0.2481502,0.03936337,-0.8849822,0.5083475,-0.5035433,0.4952253,0.4927261,
1,1,2.057,-0.2481502,0.03936337,-0.8849822,0.5083475,-0.5035433,0.4952253,0.4927261,
1,1,2.059,-0.2481502,0.03936337,-0.8849822,0.5083475,-0.5035433,0.4952253,0.4927261,
1,1,2.061,-0.2481502,0.03936337,-0.8849822,0.5083475,-0.5035433,0.4952253,0.4927261,
1,1,2.063,-0.2481456,0.0393495,-0.8849748,0.508368,-0.5035616,0.495194,0.4927177,
1,1,2.065,-0.2481456,0.0393495,-0.8849748,0.508368,-0.5035616,0.495194,0.4927177,
1,1,2.067,-0.2481456,0.0393495,-0.8849748,0.508368,-0.5035616,0.495194,0.4927177,
1,1,2.069,-0.2481456,0.0393495,-0.8849748,0.508368,-0.5035616,0.495194,0.4927177,
1,1,2.071,-0.2481517,0.03934186,-0.8849761,0.5083725,-0.5035687,0.4952063,0.4926933,
1,1,2.073,-0.2481517,0.03934186,-0.8849761,0.5083725,-0.5035687,0.4952063,0.4926933,
1,1,2.075,-0.2481517,0.03934186,-0.8849761,0.5083725,-0.5035687,0.4952063,0.4926933,
1,1,2.077,-0.2481517,0.03934186,-0.8849761,0.5083725,-0.5035687,0.4952063,0.4926933,
1,1,2.079,-0.2481612,0.03935658,-0.8849794,0.5083618,-0.503552,0.4952249,0.4927029,
1,1,2.081,-0.2481612,0.03935658,-0.8849794,0.5083618,-0.503552,0.4952249,0.4927029,CourtEnter
1,1,2.083,-0.2481612,0.03935658,-0.8849794,0.5083618,-0.503552,0.4952249,0.4927029,
1,1,2.085,-0.2481612,0.03935658,-0.8849794,0.5083618,-0.503552,0.4952249,0.4927029,
1,1,2.087,-0.2481567,0.03934925,-0.884986,0.5083444,-0.5035633,0.4951892,0.4927451,
1,1,2.089,-0.2481567,0.03934925,-0.884986,0.5083444,-0.5035633,0.4951892,0.4927451,
1,1,2.091,-0.2481567,0.03934925,-0.884986,0.5083444,-0.5035633,0.4951892,0.4927451,CourtExit
1,1,2.093,-0.2481567,0.03934925,-0.884986,0.5083444,-0.5035633,0.4951892,0.4927451,
1,1,2.095,-0.2481536,0.03934441,-0.8849806,0.5083562,-0.5035605,0.4952027,0.4927221,
1,1,2.097,-0.2481536,0.03934441,-0.8849806,0.5083562,-0.5035605,0.4952027,0.4927221,
1,1,2.099,-0.2481536,0.03934441,-0.8849806,0.5083562,-0.5035605,0.4952027,0.4927221,
1,1,2.101,-0.2481536,0.03934441,-0.8849806,0.5083562,-0.5035605,0.4952027,0.4927221,
1,1,2.103,-0.2481623,0.03933459,-0.8849843,0.5083405,-0.5035791,0.4951838,0.4927385,
1,1,2.105,-0.2481623,0.03933459,-0.8849843,0.5083405,-0.5035791,0.4951838,0.4927385,
1,1,2.107,-0.2481623,0.03933459,-0.8849843,0.5083405,-0.5035791,0.4951838,0.4927385,
1,1,2.109,-0.2481623,0.03933459,-0.8849843,0.5083405,-0.5035791,0.4951838,0.4927385,
1,1,2.111,-0.248161,0.03934645,-0.8849818,0.5083544,-0.5035679,0.4951995,0.4927196,
1,1,2.113,-0.248161,0.03934645,-0.8849818,0.5083544,-0.5035679,0.4951995,0.4927196,
1,1,2.115,-0.248161,0.03934645,-0.8849818,0.5083544,-0.5035679,0.4951995,0.4927196,
1,1,2.117,-0.248161,0.03934645,-0.8849818,0.5083544,-0.5035679,0.4951995,0.4927196,
1,1,2.119,-0.2481485,0.03935291,-0.8849833,0.5083599,-0.5035593,0.4952118,0.4927104,
1,1,2.121,-0.2481485,0.03935291,-0.8849833,0.5083599,-0.5035593,0.4952118,0.4927104,
1,1,2.123,-0.2481485,0.03935291,-0.8849833,0.5083599,-0.5035593,0.4952118,0.4927104,
1,1,2.125,-0.2481485,0.03935291,-0.8849833,0.5083599,-0.5035593,0.4952118,0.4927104,
1,1,2.127,-0.2481497,0.03935039,-0.8849837,0.5083666,-0.5035458,0.4952149,0.4927141,
1,1,2.129,-0.2481497,0.03935039,-0.8849837,0.5083666,-0.5035458,0.4952149,0.4927141,
1,1,2.131,-0.2481497,0.03935039,-0.8849837,0.5083666,-0.5035458,0.4952149,0.4927141,
1,1,2.133,-0.2481497,0.03935039,-0.8849837,0.5083666,-0.5035458,0.4952149,0.4927141,
1,1,2.135,-0.2481497,0.03935039,-0.8849837,0.5083666,-0.5035458,0.4952149,0.4927141,
1,1,2.137,-0.2481484,0.03935857,-0.8849731,0.5083622,-0.5035315,0.4952315,0.4927166,
1,1,2.139,-0.2481484,0.03935857,-0.8849731,0.5083622,-0.5035315,0.4952315,0.4927166,
1,1,2.141,-0.2481484,0.03935857,-0.8849731,0.5083622,-0.5035315,0.4952315,0.4927166,
1,1,2.143,-0.2481484,0.03935857,-0.8849731,0.5083622,-0.5035315,0.4952315,0.4927166,
1,1,2.145,-0.2481572,0.03935297,-0.8849818,0.5083574,-0.5035532,0.4952144,0.4927167,
1,1,2.147,-0.2481572,0.03935297,-0.8849818,0.5083574,-0.5035532,0.4952144,0.4927167,
1,1,2.149,-0.2481572,0.03935297,-0.8849818,0.5083574,-0.5035532,0.4952144,0.4927167,
1,1,2.151,-0.2481572,0.03935297,-0.8849818,0.5083574,-0.5035532,0.4952144,0.4927167,
1,1,2.153,-0.2481585,0.03935147,-0.8849898,0.5083536,-0.5035796,0.4952003,0.4927079,
1,1,2.155,-0.2481585,0.03935147,-0.8849898,0.5083536,-0.5035796,0.4952003,0.4927079,
1,1,2.157,-0.2481585,0.03935147,-0.8849898,0.5083536,-0.5035796,0.4952003,0.4927079,
1,1,2.159,-0.2481585,0.03935147,-0.8849898,0.5083536,-0.5035796,0.4952003,0.4927079,
1,1,2.161,-0.2481563,0.03936049,-0.8849829,0.5083555,-0.5035576,0.4952221,0.4927063,
1,1,2.163,-0.2481563,0.03936049,-0.8849829,0.5083555,-0.5035576,0.4952221,0.4927063,
1,1,2.165,-0.2481563,0.03936049,-0.8849829,0.5083555,-0.5035576,0.4952221,0.4927063,
1,1,2.167,-0.2481563,0.03936049,-0.8849829,0.5083555,-0.5035576,0.4952221,0.4927063,
1,1,2.169,-0.2481548,0.03936691,-0.8849815,0.5083538,-0.5035324,0.4952511,0.4927047,
1,1,2.171,-0.2481548,0.03936691,-0.8849815,0.5083538,-0.5035324,0.4952511,0.4927047,
1,1,2.173,-0.2481548,0.03936691,-0.8849815,0.5083538,-0.5035324,0.4952511,0.4927047,
1,1,2.175,-0.2481548,0.03936691,-0.8849815,0.5083538,-0.5035324,0.4952511,0.4927047,
1,1,2.177,-0.2481503,0.03935128,-0.8849751,0.5083683,-0.5035434,0.4952296,0.4927002,
1,1,2.179,-0.2481503,0.03935128,-0.8849751,0.5083683,-0.5035434,0.4952296,0.4927002,
1,1,2.181,-0.2481503,0.03935128,-0.8849751,0.5083683,-0.5035434,0.4952296,0.4927002,
1,1,2.183,-0.2481503,0.03935128,-0.8849751,0.5083683,-0.5035434,0.4952296,0.4927002,
1,1,2.185,-0.2481467,0.03936153,-0.8849718,0.5083648,-0.5035282,0.4952381,0.4927107,
1,1,2.187,-0.2481467,0.03936153,-0.8849718,0.5083648,-0.5035282,0.4952381,0.4927107,
1,1,2.189,-0.2481467,0.03936153,-0.8849718,0.5083648,-0.5035282,0.4952381,0.4927107,
1,1,2.191,-0.2481467,0.03936153,-0.8849718,0.5083648,-0.5035282,0.4952381,0.4927107,
1,1,2.193,-0.2481523,0.03935773,-0.884982,0.5083547,-0.5035565,0.4952182,0.4927122,
1,1,2.195,-0.2481523,0.03935773,-0.884982,0.5083547,-0.5035565,0.4952182,0.4927122,
1,1,2.197,-0.2481523,0.03935773,-0.884982,0.5083547,-0.5035565,0.4952182,0.4927122,
1,1,2.199,-0.2481523,0.03935773,-0.884982,0.5083547,-0.5035565,0.4952182,0.4927122,
1,1,2.201,-0.2481628,0.03935838,-0.8849838,0.508351,-0.5035777,0.4952027,0.4927101,
1,1,2.203,-0.2481628,0.03935838,-0.8849838,0.508351,-0.5035777,0.4952027,0.4927101,
1,1,2.205,-0.2481628,0.03935838,-0.8849838,0.508351,-0.5035777,0.4952027,0.4927101,
1,1,2.207,-0.2481628,0.03935838,-0.8849838,0.508351,-0.5035777,0.4952027,0.4927101,
1,1,2.209,-0.2481607,0.03936151,-0.8849806,0.5083346,-0.5035605,0.4952293,0.4927177,
1,1,2.211,-0.2481607,0.03936151,-0.8849806,0.5083346,-0.5035605,0.4952293,0.4927177,
1,1,2.213,-0.2481607,0.03936151,-0.8849806,0.5083346,-0.5035605,0.4952293,0.4927177,
1,1,2.215,-0.2481582,0.03937062,-0.8849766,0.5083343,-0.5035468,0.4952454,0.4927159,
1,1,2.217,-0.2481582,0.03937062,-0.8849766,0.5083343,-0.5035468,0.4952454,0.4927159,
1,1,2.219,-0.2481582,0.03937062,-0.8849766,0.5083343,-0.5035468,0.4952454,0.4927159,
1,1,2.221,-0.2481582,0.03937062,-0.8849766,0.5083343,-0.5035468,0.4952454,0.4927159,
1,1,2.223,-0.2481604,0.03936685,-0.8849857,0.5083554,-0.5035497,0.4952352,0.4927014,
1,1,2.225,-0.2481604,0.03936685,-0.8849857,0.5083554,-0.5035497,0.4952352,0.4927014,
1,1,2.227,-0.2481604,0.03936685,-0.8849857,0.5083554,-0.5035497,0.4952352,0.4927014,
1,1,2.229,-0.2481604,0.03936685,-0.8849857,0.5083554,-0.5035497,0.4952352,0.4927014,
1,1,2.231,-0.2481604,0.03936685,-0.8849857,0.5083554,-0.5035497,0.4952352,0.4927014,
1,1,2.233,-0.2481491,0.03936116,-0.8849846,0.5083579,-0.5035501,0.4952293,0.4927044,
1,1,2.235,-0.2481491,0.03936116,-0.8849846,0.5083579,-0.5035501,0.4952293,0.4927044,
1,1,2.237,-0.2481491,0.03936116,-0.8849846,0.5083579,-0.5035501,0.4952293,0.4927044,
1,1,2.239,-0.2481491,0.03936116,-0.8849846,0.5083579,-0.5035501,0.4952293,0.4927044,
1,1,2.241,-0.2481523,0.03936176,-0.8849767,0.5083416,-0.5035509,0.4952416,0.4927081,
1,1,2.243,-0.2481523,0.03936176,-0.8849767,0.5083416,-0.5035509,0.4952416,0.4927081,
1,1,2.245,-0.2481523,0.03936176,-0.8849767,0.5083416,-0.5035509,0.4952416,0.4927081,
1,1,2.247,-0.2481523,0.03936176,-0.8849767,0.5083416,-0.5035509,0.4952416,0.4927081,
1,1,2.249,-0.2481496,0.03935767,-0.8849761,0.5083762,-0.5035524,0.4952106,0.4927019,
1,1,2.251,-0.2481496,0.03935767,-0.8849761,0.5083762,-0.5035524,0.4952106,0.4927019,
1,1,2.253,-0.2481496,0.03935767,-0.8849761,0.5083762,-0.5035524,0.4952106,0.4927019,
1,1,2.255,-0.2481496,0.03935767,-0.8849761,0.5083762,-0.5035524,0.4952106,0.4927019,
1,1,2.257,-0.2481532,0.0393621,-0.8849783,0.5083779,-0.5035418,0.4952212,0.4927003,
1,1,2.259,-0.2481532,0.0393621,-0.8849783,0.5083779,-0.5035418,0.4952212,0.4927003,
1,1,2.261,-0.2481532,0.0393621,-0.8849783,0.5083779,-0.5035418,0.4952212,0.4927003,
1,1,2.263,-0.2481532,0.0393621,-0.8849783,0.5083779,-0.5035418,0.4952212,0.4927003,
1,1,2.265,-0.2481402,0.03936666,-0.8849759,0.5083641,-0.5035225,0.4952376,0.4927179,
1,1,2.267,-0.2481402,0.03936666,-0.8849759,0.5083641,-0.5035225,0.4952376,0.4927179,
1,1,2.269,-0.2481402,0.03936666,-0.8849759,0.5083641,-0.5035225,0.4952376,0.4927179,
1,1,2.271,-0.2481402,0.03936666,-0.8849759,0.5083641,-0.5035225,0.4952376,0.4927179,
1,1,2.273,-0.2481394,0.0393595,-0.8849747,0.5083731,-0.5035403,0.4952159,0.4927121,
1,1,2.275,-0.2481394,0.0393595,-0.8849747,0.5083731,-0.5035403,0.4952159,0.4927121,
1,1,2.277,-0.2481394,0.0393595,-0.8849747,0.5083731,-0.5035403,0.4952159,0.4927121,
1,1,2.279,-0.2481394,0.0393595,-0.8849747,0.5083731,-0.5035403,0.4952159,0.4927121,
1,1,2.281,-0.2481504,0.03936013,-0.8849755,0.5083677,-0.5035253,0.4952355,0.4927134,
1,1,2.283,-0.2481504,0.03936013,-0.8849755,0.5083677,-0.5035253,0.4952355,0.4927134,
1,1,2.285,-0.2481504,0.03936013,-0.8849755,0.5083677,-0.5035253,0.4952355,0.4927134,
1,1,2.287,-0.2481504,0.03936013,-0.8849755,0.5083677,-0.5035253,0.4952355,0.4927134,
1,1,2.289,-0.2481504,0.03936013,-0.8849755,0.5083677,-0.5035253,0.4952355,0.4927134,
